category,subcategory,note,amount,income_expense,currency,year,month,day,grouped_mode
Transportation,Train,2 Place 5 to Place 0,30.0,Expense,INR,2018,9,20,Cash
Food,snacks,Idli medu Vada mix 2 plates,60.0,Expense,INR,2018,9,20,Cash
subscription,Mobile Service Provider,Data booster pack,19.0,Expense,INR,2018,9,17,Saving Bank account 1
Festivals,Ganesh Pujan,Ganesh idol,251.0,Expense,INR,2018,9,16,Cash
subscription,Tata Sky,Permanent Residence - Tata Play recharge,200.0,Expense,INR,2018,9,15,Credit Card
Transportation,auto,Place 2 station to Permanent Residence,50.0,Expense,INR,2018,9,14,Cash
Transportation,Train,2 Place 0 to Place 3,40.0,Expense,INR,2018,9,13,Saving Bank account 1
Other,Unknown,HBR 2 Months subscription,83.0,Expense,INR,2018,9,13,Credit Card
Food,Grocery,1kg atta,46.0,Expense,INR,2018,9,13,Cash
Family,Pocket money,Unknown,1000.0,Expense,INR,2018,8,31,Cash
Gift,Unknown,farewell contribution,118.0,Expense,INR,2018,8,31,Cash
Food,Dinner,Domino's Pizza,510.85,Expense,INR,2018,8,31,Credit Card
Salary,Unknown,From workplace ,70255.0,Income,INR,2018,8,31,Saving Bank account 1
Food,Milk,Half lit  milk,36.0,Expense,INR,2018,8,31,Cash
Food,Sweets,Warna Srikhand pav kg,78.0,Expense,INR,2018,8,30,Cash
Household,Kirana,Supermart,343.0,Expense,INR,2018,8,30,Cash
Food,Grocery,Baking soda,27.0,Expense,INR,2018,8,29,Cash
Food,Ice cream,chocobar,15.0,Expense,INR,2018,8,29,Cash
Food,Milk,Half lit  milk,36.0,Expense,INR,2018,8,29,Cash
Dividend earned on Shares,Unknown,Astral Stocks,6.75,Income,INR,2018,8,28,Saving Bank account 1
Dividend earned on Shares,Unknown,Reliance Stocks,18.0,Income,INR,2018,8,28,Saving Bank account 1
Food,curd,Dahi 2 packets,20.0,Expense,INR,2018,8,27,Cash
Food,breakfast,2 plates poha,60.0,Expense,INR,2018,8,27,Cash
Food,Biscuits,Khari packet,45.0,Expense,INR,2018,8,27,Cash
Food,Milk,Half lit  milk,36.0,Expense,INR,2018,8,27,Cash
Interest,Unknown,interest paid,30.0,Income,INR,2018,8,26,Saving Bank account 1
Apparel,Laundry,13 clothes ironing,91.0,Expense,INR,2018,8,25,Cash
Food,Dinner,Home Food Delivery,1120.0,Expense,INR,2018,8,24,Credit Card
Other,Unknown,From Family,1000.0,Income,INR,2018,8,24,Saving Bank account 1
Food,Rajgira ladu,Unknown,20.0,Expense,INR,2018,8,24,Cash
Food,Milk,Half lit  milk,36.0,Expense,INR,2018,8,24,Cash
Festivals,Navratri,Ganpati+ navratri vargani,1000.0,Expense,INR,2018,8,24,Cash
Transportation,train,2 Place 2 to Place 3 : Sevagram express 3AC,1305.4,Expense,INR,2018,8,23,Credit Card
Transportation,train,2 Place 3 to Place 2 : Amritsar express 3AC,1205.4,Expense,INR,2018,8,23,Credit Card
Food,Lunch,Catering Service,60.0,Expense,INR,2018,8,23,Saving Bank account 1
Food,Milk,Half lit  milk,37.0,Expense,INR,2018,8,22,Cash
Food,Tea,cutting chai,12.0,Expense,INR,2018,8,21,Cash
Food,Milk,Half lit  milk,36.0,Expense,INR,2018,8,21,Cash
Food,curd,Dahi 2 packets,20.0,Expense,INR,2018,8,17,Saving Bank account 1
Food,Milk,Half lit  milk,36.0,Expense,INR,2018,8,17,Cash
Dividend earned on Shares,Unknown,Pidilite Stocks,22.0,Income,INR,2018,8,17,Saving Bank account 1
subscription,Tata Sky,Permanent Residence - Tata Play recharge,157.0,Expense,INR,2018,8,16,Credit Card
Food,Sweets,Warna Srikhand half kg,290.0,Expense,INR,2018,8,15,Cash
Food,flour mill,M D sure 4kg atta,216.0,Expense,INR,2018,8,15,Cash
Dividend earned on Shares,Unknown,ITC Stocks,124.0,Income,INR,2018,8,14,Saving Bank account 1
Family,Pocket money,Unknown,30.0,Expense,INR,2018,8,14,Cash
Food,snacks,Dahi,32.0,Expense,INR,2018,8,14,Cash
Household,Kirana,Toothpaste Patanjali,160.0,Expense,INR,2018,8,14,Cash
Apparel,Laundry,8 clothes ironing,56.0,Expense,INR,2018,8,14,Cash
Food,Ice cream,Vanila family pack,115.0,Expense,INR,2018,8,14,Cash
Household,Appliances,5 litres can Distilled water,100.0,Expense,INR,2018,8,13,Cash
Household,home decor,Brass Puja plate and diva,220.0,Expense,INR,2018,8,13,Cash
Food,Grocery,Half kg Lahsoon,45.0,Expense,INR,2018,8,13,Cash
Household,Kirana,Supermart,594.0,Expense,INR,2018,8,13,Cash
Food,Ice cream,Vanila cup,10.0,Expense,INR,2018,8,13,Cash
Food,Ice cream,chocobar,20.0,Expense,INR,2018,8,13,Cash
Apparel,Laundry,13 clothes ironing,91.0,Expense,INR,2018,7,31,Cash
Money transfer,Home,Unknown,30000.0,Expense,INR,2018,7,31,Saving Bank account 1
maid,Unknown,July salary,2000.0,Expense,INR,2018,7,31,Cash
Food,chocolate,10 melody,10.0,Expense,INR,2018,7,31,Cash
Salary,Unknown,From workplace ,70255.0,Income,INR,2018,7,31,Saving Bank account 1
Health,Medicine,Glucose D(50) + flora bc (40)+cyra 20(10),100.0,Expense,INR,2018,7,30,Cash
Health,Medicine,Unknown,132.0,Expense,INR,2018,7,30,Cash
Food,Lunch,Catering Service,212.0,Expense,INR,2018,7,30,Saving Bank account 1
Food,breakfast,1 plates poha,25.0,Expense,INR,2018,7,30,Cash
Food,Eating out,Paneer pizza,260.0,Expense,INR,2018,7,29,Saving Bank account 1
Transportation,auto,Decathlon Place A to Place A station,50.0,Expense,INR,2018,7,29,Cash
Transportation,auto,Current Residence to Place 0,15.0,Expense,INR,2018,7,29,Cash
Transportation,Train,2 Place 0 to Place A returns,40.0,Expense,INR,2018,7,29,Saving Bank account 1
Food,breakfast,Medu vada 3 plate,105.0,Expense,INR,2018,7,29,Cash
Family,Pocket money,Unknown,200.0,Expense,INR,2018,7,28,Cash
Culture,Movie,2 INOX ,481.36,Expense,INR,2018,7,28,Debit Card
Food,vegetables,Unknown,195.0,Expense,INR,2018,7,28,Cash
Household,Kirana,Supermart,3750.0,Expense,INR,2018,7,28,Credit Card
Other,Unknown,Demat account charges,826.0,Expense,INR,2018,7,27,Saving Bank account 1
Food,Biscuits,Toast packet,40.0,Expense,INR,2018,7,26,Cash
Tax refund,Unknown,Unknown,6780.0,Income,INR,2018,7,26,Saving Bank account 1
subscription,Tata Sky,Current Residence - Tata Play recharge,154.0,Expense,INR,2018,7,23,Credit Card
Food,breakfast,4 plates poha,100.0,Expense,INR,2018,7,23,Cash
Household,Kirana,Supermart,368.0,Expense,INR,2018,7,21,Cash
Food,fruits,Khajur pav kg,30.0,Expense,INR,2018,7,21,Cash
Food,snacks,2 Bhajipav + 2 vadapav,60.0,Expense,INR,2018,7,21,Saving Bank account 1
Food,Biscuits,Toast packet,45.0,Expense,INR,2018,7,21,Cash
Food,Ice cream,chocobar,20.0,Expense,INR,2018,7,20,Cash
Food,Potato,potato 1kg,25.0,Expense,INR,2018,7,20,Cash
Food,Onions,onion 1 kg,25.0,Expense,INR,2018,7,20,Cash
Transportation,Taxi,Ola cab - eye institute to Current Residence CHS,155.0,Expense,INR,2018,7,20,Saving Bank account 1
Health,Medicine,Cataract Medicine,87.0,Expense,INR,2018,7,20,Cash
Health,Medicine,Cataract Medicine,1048.0,Expense,INR,2018,7,20,Credit Card
Food,curd,Dahi 4 packets,40.0,Expense,INR,2018,7,19,Cash
Food,flour mill,M D sure 4kg atta,216.0,Expense,INR,2018,7,18,Cash
Apparel,Laundry,12 clothes ironing,84.0,Expense,INR,2018,7,16,Cash
Household,Hardware,Sony WI-C100 earphones wireless,1190.0,Expense,INR,2018,7,16,Credit Card
Food,snacks,7 kachori,84.0,Expense,INR,2018,7,16,Cash
Food,fruits,Unknown,30.0,Expense,INR,2018,7,15,Cash
Food,vegetables,Unknown,500.0,Expense,INR,2018,7,15,Cash
Food,snacks,4 kachori,48.0,Expense,INR,2018,7,15,Cash
Other,Unknown,CA  - income tax filing,2000.0,Expense,INR,2018,7,14,Saving Bank account 1
Transportation,Taxi,Ola cab - eye institute to Current Residence CHS,188.0,Expense,INR,2018,7,13,Saving Bank account 1
Health,Medicine,Cataract Medicine,1358.0,Expense,INR,2018,7,13,Credit Card
Household,Appliances,Aqugurad PRV,1200.0,Expense,INR,2018,6,30,Saving Bank account 1
Dividend earned on Shares,Unknown,Asian paints Stocks,43.0,Income,INR,2018,6,30,Saving Bank account 1
Interest,Unknown,interest paid,342.0,Income,INR,2018,6,30,Saving Bank account 1
Salary,Unknown,From workplace ,65122.0,Income,INR,2018,6,30,Saving Bank account 1
Dividend earned on Shares,Unknown,HUL Stocks,44.0,Income,INR,2018,6,29,Saving Bank account 1
Household,Hardware,Tulsi plant+ pot,70.0,Expense,INR,2018,6,29,Cash
Household,Kitchen,Math tap repair,50.0,Expense,INR,2018,6,29,Cash
Household,Appliances,3 bulbs 3 pencil cells,270.0,Expense,INR,2018,6,29,Cash
Food,Dinner,Home Food Delivery,455.0,Expense,INR,2018,6,28,Credit Card
Food,snacks,Bhaji + vadapav + kachori+ tea,70.0,Expense,INR,2018,6,28,Cash
Transportation,Taxi,Vadala road to Nehru Planetarium,228.0,Expense,INR,2018,6,28,Cash
Apparel,Footwear,Mast & Harbour Slides,64.82,Expense,INR,2018,6,28,Credit Card
Tourism,Entry Fees,Planetarium,308.85,Expense,INR,2018,6,27,Credit Card
Other,Unknown,From Family,3000.0,Income,INR,2018,6,27,Saving Bank account 1
Food,Tea,2 cups,14.0,Expense,INR,2018,6,27,Cash
Household,gadgets,Mobile cover real mi note pro,100.0,Expense,INR,2018,6,27,Cash
Other,Unknown,Shopping at Alfa,4720.0,Expense,INR,2018,6,27,Credit Card
Household,gadgets,Mouse pad,100.0,Expense,INR,2018,6,27,Cash
Apparel,Accessories,Purse,450.0,Expense,INR,2018,6,27,Credit Card
Apparel,Footwear,Rainy season chappal,550.0,Expense,INR,2018,6,27,Credit Card
Transportation,auto,Place P station to Alfa market,25.0,Expense,INR,2018,6,27,Cash
Transportation,Train,2 Place 0 to Place P return,80.0,Expense,INR,2018,6,27,Cash
Transportation,auto,2 Current Residence to Place 0,30.0,Expense,INR,2018,6,27,Cash
Saving Bank account 1,Unknown,Refund,2549.59,Transfer-Out,INR,2018,6,27,Share Market Trading
Transportation,auto,2 Place 0 to Current Residence,30.0,Expense,INR,2018,6,26,Cash
Household,Kirana,Supermart,1990.0,Expense,INR,2018,6,26,Credit Card
Household,Appliances,Aqugurad water purifier,13050.0,Expense,INR,2018,6,26,Saving Bank account 1
Household,Hardware,Umbrella handle repair,70.0,Expense,INR,2018,6,26,Saving Bank account 1
Transportation,Train,Place 0 to Place 4 return,20.0,Expense,INR,2018,6,26,Cash
Food,Tea,2 cutting chai,20.0,Expense,INR,2018,6,26,Cash
Food,snacks,Bhaji + vadapav,30.0,Expense,INR,2018,6,26,Cash
Food,Lunch,Home Food Delivery,320.0,Expense,INR,2018,6,25,Saving Bank account 1
Household,Kirana,Smart point,2074.0,Expense,INR,2018,6,25,Credit Card
Transportation,auto,2 Place 0 to Current Residence,40.0,Expense,INR,2018,6,24,Cash
Food,breakfast,Bread,18.0,Expense,INR,2018,6,24,Saving Bank account 1
Food,Milk,milk 1lit ,72.0,Expense,INR,2018,6,24,Saving Bank account 1
Health,Health,Suppliemnts,211.75,Expense,INR,2018,6,24,Credit Card
Transportation,Train,2 Place 5 to Place 0,30.0,Expense,INR,2018,6,24,Cash
subscription,Tata Sky,Permanent Residence - Tata Play recharge,157.0,Expense,INR,2018,6,24,Credit Card
Food,snacks,2 Vadapav 2 samosa pav,60.0,Expense,INR,2018,6,24,Cash
subscription,Mobile Service Provider,Annual recharge,2545.0,Expense,INR,2018,6,23,Credit Card
Transportation,auto,Unknown,30.0,Expense,INR,2018,6,23,Cash
subscription,Mobile Service Provider,Data booster pack,181.0,Expense,INR,2018,6,22,Saving Bank account 1
Family,Pocket money,Unknown,2000.0,Expense,INR,2018,6,19,Saving Bank account 1
subscription,Mobile Service Provider,Data booster pack,25.0,Expense,INR,2018,6,19,Saving Bank account 1
subscription,Mobile Service Provider,Data booster pack,15.0,Expense,INR,2018,6,18,Saving Bank account 1
Share Market,Unknown,Unknown,8500.0,Transfer-Out,INR,2018,6,16,Saving Bank account 1
subscription,Mobile Service Provider,Data booster pack,15.0,Expense,INR,2018,6,15,Saving Bank account 1
Transportation,train,2CC Place 2 to DDR Spl Train,1213.6,Expense,INR,2018,6,15,Saving Bank account 1
Salary,Unknown,From workplace ,65134.0,Income,INR,2018,5,31,Saving Bank account 1
Dividend earned on Shares,Unknown,HDFC Stocks,88.0,Income,INR,2018,5,30,Saving Bank account 1
subscription,Mobile Service Provider,Data booster pack,25.0,Expense,INR,2018,5,28,Credit Card
Beauty,grooming,hair cut,100.0,Expense,INR,2018,5,28,Cash
Interest,Unknown,interest paid,28.0,Income,INR,2018,5,27,Saving Bank account 2
Household,Kirana,Soap + dahya pav kg,75.0,Expense,INR,2018,5,27,Cash
Transportation,auto,Permanent Residence to Motor Driving school,50.0,Expense,INR,2018,5,26,Cash
subscription,Mobile Service Provider,Data booster pack,667.0,Expense,INR,2018,5,24,Saving Bank account 1
subscription,Tata Sky,Permanent Residence - Tata Play recharge,166.0,Expense,INR,2018,5,23,Credit Card
Health,Health,2 All out refill,154.0,Expense,INR,2018,5,22,Cash
Family,Pocket money,Unknown,140.0,Expense,INR,2018,5,21,Cash
Family,misc,"Soap, shampoo, razor",122.0,Expense,INR,2018,5,20,Saving Bank account 1
Household,Kitchen,flour mill,25.0,Expense,INR,2018,5,19,Cash
subscription,Mobile Service Provider,Data booster pack,15.0,Expense,INR,2018,5,19,Saving Bank account 1
subscription,Mobile Service Provider,Data booster pack,301.0,Expense,INR,2018,5,18,Saving Bank account 1
Food,Ice cream,Cookies & cream family pack,135.0,Expense,INR,2018,5,15,Saving Bank account 1
Transportation,auto,within city,30.0,Expense,INR,2018,5,15,Cash
Household,Appliances,LG Washing Machine,21500.0,Expense,INR,2018,5,15,Saving Bank account 1
Transportation,auto,Permanent Residence to GH road,50.0,Expense,INR,2018,5,15,Cash
Amazon pay cashback,Unknown,Unknown,21.0,Income,INR,2018,5,14,Saving Bank account 1
subscription,Mobile Service Provider,Data booster pack,301.0,Expense,INR,2018,5,14,Saving Bank account 1
Other,Unknown,Digilock room charges,40.0,Expense,INR,2018,5,14,Cash
Transportation,auto,Place 2 station to Permanent Residence,50.0,Expense,INR,2018,5,14,Cash
Food,snacks,Potato chips,15.0,Expense,INR,2018,5,14,Cash
Food,fruits,2 dozens mango + 1kg litchi,1250.0,Expense,INR,2018,5,14,Saving Bank account 1
Transportation,Train,2 Place 0 to Place 3,40.0,Expense,INR,2018,5,14,Cash
Transportation,auto,2 Current Residence to Place 0,40.0,Expense,INR,2018,5,14,Cash
Apparel,Laundry,clothes ironing,77.0,Expense,INR,2018,5,13,Cash
Education,Stationary,Gel pen Refills,12.0,Expense,INR,2018,5,13,Cash
scrap,Unknown,Unknown,20.0,Income,INR,2018,5,13,Cash
Food,snacks,6 kachori,72.0,Expense,INR,2018,4,30,Cash
Household,Kirana,Supermart,165.0,Expense,INR,2018,4,30,Cash
subscription,Tata Sky,Current Residence - Tata Play recharge,176.0,Expense,INR,2018,4,30,Credit Card
Food,Biscuits,Toast packet,45.0,Expense,INR,2018,4,30,Cash
Food,Milk,milk 1lit ,72.0,Expense,INR,2018,4,30,Cash
Gift,Unknown,To Family,500.0,Expense,INR,2018,4,30,Cash
Food,beverage,2 sugarcane juice,40.0,Expense,INR,2018,4,29,Saving Bank account 1
Salary,Unknown,From workplace ,65134.0,Income,INR,2018,4,29,Saving Bank account 1
Food,Dinner,Home Food Delivery,413.0,Expense,INR,2018,4,28,Credit Card
Family,Pocket money,Unknown,500.0,Expense,INR,2018,4,28,Cash
Household,Kirana,Supermart,295.0,Expense,INR,2018,4,27,Cash
Food,snacks,Noodles packet,30.0,Expense,INR,2018,4,26,Cash
Food,Milk,milk 1lit ,72.0,Expense,INR,2018,4,26,Saving Bank account 1
Family,Pocket money,Unknown,1000.0,Expense,INR,2018,4,26,Cash
Food,Lunch,Catering Service,70.0,Expense,INR,2018,4,25,Cash
subscription,Tata Sky,Permanent Residence - Tata Play recharge,157.0,Expense,INR,2018,4,24,Credit Card
Household,Kirana,Idli pith 1kg,38.0,Expense,INR,2018,4,23,Saving Bank account 1
maid,Unknown,Unknown,500.0,Expense,INR,2018,4,23,Cash
Food,vegetables,Unknown,10.0,Expense,INR,2018,4,22,Cash
Household,Kirana,Supermart,190.0,Expense,INR,2018,4,22,Cash
Food,Milk,milk 1lit ,72.0,Expense,INR,2018,4,22,Saving Bank account 1
Food,Ice cream,Naturals,160.0,Expense,INR,2018,4,21,Cash
Food,curd,Dahi 2 packets,20.0,Expense,INR,2018,4,21,Cash
Food,Dinner,Sugaran Kitchen,70.0,Expense,INR,2018,4,20,Saving Bank account 1
Household,Kitchen,flour mill,14.0,Expense,INR,2018,4,19,Cash
Food,Eggs,6 eggs,36.0,Expense,INR,2018,4,19,Saving Bank account 1
Food,Milk,milk 1lit ,72.0,Expense,INR,2018,4,19,Saving Bank account 1
Food,Milk,milk 1lit ,72.0,Expense,INR,2018,4,17,Cash
Education,Stationary,3 Pens,21.0,Expense,INR,2018,4,16,Saving Bank account 1
Apparel,Laundry,clothes ironing,63.0,Expense,INR,2018,4,16,Saving Bank account 1
Household,Kirana,Cockroach injection,270.0,Expense,INR,2018,4,16,Saving Bank account 1
Household,Kirana,Supermart,265.0,Expense,INR,2018,4,16,Saving Bank account 1
Household,Kirana,Smart point,450.0,Expense,INR,2018,4,16,Credit Card
Food,snacks,pav Bhaji,70.0,Expense,INR,2018,4,15,Cash
Food,Tea,2 cutting chai,20.0,Expense,INR,2018,4,15,Cash
Household,Kitchen,"Vessels for sugar, coffee and tea",799.0,Expense,INR,2018,4,15,Credit Card
Family,makeup,Body mist,525.0,Expense,INR,2018,4,15,Credit Card
Transportation,Bike,Station Parking,10.0,Expense,INR,2018,4,15,Cash
Transportation,Train,Place 0 to Place 4 return,20.0,Expense,INR,2018,4,15,Cash
Food,Lunch,Catering Service,70.0,Expense,INR,2018,4,15,Cash
Household,Kirana,Supermart,107.0,Expense,INR,2018,4,14,Saving Bank account 1
Food,Grocery,Pizza base packet 2,40.0,Expense,INR,2018,4,14,Saving Bank account 1
Food,Biscuits,Khari packet,45.0,Expense,INR,2018,4,14,Saving Bank account 1
Food,Milk,milk 1lit ,72.0,Expense,INR,2018,4,14,Saving Bank account 1
Health,Lab Tests,Family Thyroid Test + CBC,700.0,Expense,INR,2018,4,13,Cash
Food,Ice cream,2 chocobar,45.0,Expense,INR,2018,3,31,Saving Bank account 1
Food,Dinner,Home Food Delivery,244.0,Expense,INR,2018,3,31,Credit Card
Salary,Unknown,From workplace ,64636.0,Income,INR,2018,3,31,Saving Bank account 1
Food,Lunch,Domino's Pizza,419.0,Expense,INR,2018,3,31,Credit Card
Transportation,Bike,Station Parking,10.0,Expense,INR,2018,3,31,Saving Bank account 1
Interest,Unknown,interest paid,589.0,Income,INR,2018,3,31,Saving Bank account 1
Transportation,Train,Place 0 to Sion returns,30.0,Expense,INR,2018,3,31,Cash
Food,snacks,1 Panipuri,25.0,Expense,INR,2018,3,30,Cash
Food,vegetables,Ginger + green chilli,20.0,Expense,INR,2018,3,30,Cash
Food,Milk,milk 1lit ,72.0,Expense,INR,2018,3,30,Cash
Food,Dinner,At restaurant,1234.0,Expense,INR,2018,3,29,Credit Card
Food,breakfast,Bread,35.0,Expense,INR,2018,3,27,Cash
Food,Milk,milk 1lit ,72.0,Expense,INR,2018,3,26,Saving Bank account 1
subscription,Tata Sky,Permanent Residence - Tata Play recharge,157.0,Expense,INR,2018,3,26,Credit Card
Dividend earned on Shares,Unknown,Marico Stocks,40.5,Income,INR,2018,3,25,Saving Bank account 1
Transportation,Bike,Station Parking,10.0,Expense,INR,2018,3,25,Cash
Food,snacks,Popcorn family pack,25.0,Expense,INR,2018,3,25,Cash
Food,Tea,2 tea,20.0,Expense,INR,2018,3,25,Cash
Food,snacks,2 Frankie,160.0,Expense,INR,2018,3,25,Cash
Food,snacks,French crossiant,80.0,Expense,INR,2018,3,25,Credit Card
Food,Tea,IKEA tea 3,240.0,Expense,INR,2018,3,25,Credit Card
Culture,Books,Finding next Job,100.0,Expense,INR,2018,3,23,Cash
Food,flour mill,1 kg Bajari,7.0,Expense,INR,2018,3,22,Saving Bank account 1
Food,vegetables,Half kg tomato,15.0,Expense,INR,2018,3,22,Cash
Household,Kirana,Supermart,153.0,Expense,INR,2018,3,22,Saving Bank account 1
Food,snacks,Pickle,150.0,Expense,INR,2018,3,22,Saving Bank account 1
Food,snacks,Potato chips,150.0,Expense,INR,2018,3,22,Cash
Food,Rajgira ladu,1 packet,20.0,Expense,INR,2018,3,22,Cash
Food,Milk,milk 1lit ,72.0,Expense,INR,2018,3,22,Cash
Food,snacks,2 kachori,24.0,Expense,INR,2018,3,21,Saving Bank account 1
Household,Kirana,Idli pith 1kg,38.0,Expense,INR,2018,3,21,Credit Card
Family,Pocket money,Unknown,50.0,Expense,INR,2018,3,21,Cash
Food,Dinner,2 Fried rice,246.0,Expense,INR,2018,3,20,Credit Card
Other,Unknown,Unknown,17.0,Expense,INR,2018,3,20,Saving Bank account 2
Food,snacks,Chicken lollypop 8 pcs,215.75,Expense,INR,2018,3,20,Credit Card
Food,breakfast,Bread,18.0,Expense,INR,2018,3,20,Cash
Food,Eggs,6 eggs,36.0,Expense,INR,2018,3,20,Cash
Food,Milk,Half lit  milk,36.0,Expense,INR,2018,3,20,Cash
Transportation,Bike,Station Parking,10.0,Expense,INR,2018,3,18,Cash
Food,snacks,Dabeli,15.0,Expense,INR,2018,3,18,Cash
Family,clothes,Trouser,799.0,Expense,INR,2018,3,18,Credit Card
Family,clothes,Belt + bow,498.0,Expense,INR,2018,3,18,Credit Card
Food,snacks,Papad packet,50.0,Expense,INR,2018,3,18,Cash
Food,snacks,1 Panipuri,30.0,Expense,INR,2018,3,18,Cash
Food,Tea,cutting chai,10.0,Expense,INR,2018,3,18,Cash
Transportation,Train,Place 0 to Place 4 return,20.0,Expense,INR,2018,3,18,Cash
Food,Lunch,Catering Service,30.0,Expense,INR,2018,3,17,Cash
Food,Milk,Half lit  milk,37.0,Expense,INR,2018,3,17,Saving Bank account 1
Food,Lunch,Catering Service,60.0,Expense,INR,2018,3,15,Cash
Food,Milk,Half lit  milk,36.0,Expense,INR,2018,3,15,Saving Bank account 1
Household,Kirana,Mayonnaise + cheese cubes,140.0,Expense,INR,2018,3,14,Cash
Food,Onions,onion 2 kg,40.0,Expense,INR,2018,3,14,Cash
Food,Dinner,Domino's Pizza,578.0,Expense,INR,2018,3,14,Credit Card
Saving Bank account 1,Unknown,Unused funds,42.88,Transfer-Out,INR,2018,3,14,Share Market Trading
Family,Pocket money,Unknown,480.0,Expense,INR,2018,3,13,Cash
Food,Milk,Half lit  milk,36.0,Expense,INR,2018,3,13,Saving Bank account 1
Food,Biscuits,Khari packet,45.0,Expense,INR,2018,2,28,Saving Bank account 1
Food,Milk,Half lit Varna milk,36.0,Expense,INR,2018,2,28,Saving Bank account 1
Food,Onions,onion 1 kg,30.0,Expense,INR,2018,2,28,Credit Card
Food,Potato,potato 1kg,18.0,Expense,INR,2018,2,28,Credit Card
Salary,Unknown,From workplace ,64556.0,Income,INR,2018,2,28,Saving Bank account 1
Household,Kirana,Idli pith 1kg,38.0,Expense,INR,2018,2,27,Credit Card
Food,Lunch,5 chapati,30.0,Expense,INR,2018,2,27,Cash
Food,Milk,1 lit ,73.0,Expense,INR,2018,2,26,Saving Bank account 1
Household,Toiletries,Mirror repair,140.0,Expense,INR,2018,2,26,Saving Bank account 1
Transportation,Bike,First servicing,443.0,Expense,INR,2018,2,26,Credit Card
Food,beverage,chaas,17.0,Expense,INR,2018,2,26,Saving Bank account 1
Food,Bread,Flatbread 12 pcs,40.0,Expense,INR,2018,2,24,Saving Bank account 1
Health,Medicine,Refresh Tears Drop,128.0,Expense,INR,2018,2,23,Cash
Food,Rajgira ladu,1 packet,20.0,Expense,INR,2018,2,23,Saving Bank account 1
Food,Milk,1 lit ,72.0,Expense,INR,2018,2,23,Saving Bank account 1
subscription,Tata Sky,Permanent Residence - Tata Play recharge,157.0,Expense,INR,2018,2,22,Saving Bank account 1
Food,beverage,Limca,20.0,Expense,INR,2018,2,22,Saving Bank account 1
Food,Onions,onion 1 kg,20.0,Expense,INR,2018,2,22,Saving Bank account 1
Food,Lunch,Catering Service,192.0,Expense,INR,2018,2,22,Saving Bank account 1
Household,Appliances,Kitchen fan + installation+ repair,2600.0,Expense,INR,2018,2,20,Saving Bank account 1
Petty cash,Unknown,From Family,170.0,Income,INR,2018,2,19,Saving Bank account 1
Beauty,grooming,hair cut+shaving,170.0,Expense,INR,2018,2,19,Saving Bank account 1
Food,Milk,1 lit ,72.0,Expense,INR,2018,2,19,Saving Bank account 1
Food,snacks,2 kachori,24.0,Expense,INR,2018,2,19,Saving Bank account 1
Food,Dinner,BBQ,1783.0,Expense,INR,2018,2,17,Credit Card
Family,clothes,Unknown,3598.0,Expense,INR,2018,2,17,Credit Card
Transportation,Bike,Mall parking,20.0,Expense,INR,2018,2,17,Cash
Food,Lunch,5 chapati,30.0,Expense,INR,2018,2,17,Cash
Food,snacks,banana chips,45.0,Expense,INR,2018,2,16,Saving Bank account 1
Food,Biscuits,Khari packet,45.0,Expense,INR,2018,2,16,Saving Bank account 1
Food,Milk,1 lit ,72.0,Expense,INR,2018,2,16,Saving Bank account 1
Food,Ice cream,chocobar,35.0,Expense,INR,2018,2,15,Saving Bank account 1
Food,Grocery,Half kg tomato + methi 1 judi,30.0,Expense,INR,2018,2,15,Saving Bank account 1
Household,Kirana,Supermart,117.0,Expense,INR,2018,2,15,Credit Card
Food,snacks,1 chicken shawarma,60.0,Expense,INR,2018,2,14,Saving Bank account 1
Food,Potato,potato 1kg,25.0,Expense,INR,2018,2,13,Credit Card
Food,Bread,Bread,35.0,Expense,INR,2018,2,13,Saving Bank account 1
Food,Grocery,Amul cheese,72.0,Expense,INR,2018,2,13,Saving Bank account 1
Food,Milk,1 lit ,72.0,Expense,INR,2018,2,13,Saving Bank account 1
Food,Dinner,At restaurant,320.0,Expense,INR,2018,1,31,Cash
Transportation,Bike,Parking sticker,50.0,Expense,INR,2018,1,31,Saving Bank account 1
Salary,Unknown,From workplace ,64636.0,Income,INR,2018,1,31,Saving Bank account 1
Food,Milk,1 lit ,69.0,Expense,INR,2018,1,31,Saving Bank account 1
Household,Kitchen,Matchbox packet 10pcs,10.0,Expense,INR,2018,1,30,Saving Bank account 1
Food,Grocery,Dahi 2 packets,20.0,Expense,INR,2018,1,30,Saving Bank account 1
Share Market,Unknown,Unknown,10000.0,Transfer-Out,INR,2018,1,30,Saving Bank account 1
Family,Pocket money,Unknown,100.0,Expense,INR,2018,1,30,Cash
Food,Biscuits,Khari packet,45.0,Expense,INR,2018,1,29,Saving Bank account 1
Food,Eggs,6 eggs,42.0,Expense,INR,2018,1,29,Saving Bank account 1
Food,Milk,1 lit ,69.0,Expense,INR,2018,1,29,Saving Bank account 1
Food,snacks,2 kachori,24.0,Expense,INR,2018,1,28,Saving Bank account 1
Household,Kirana,Smart point,976.9,Expense,INR,2018,1,28,Credit Card
Household,Kirana,Supermart,764.0,Expense,INR,2018,1,28,Credit Card
Transportation,Bike,Two Wheeler Bikedelux third installment,43000.0,Expense,INR,2018,1,27,Saving Bank account 1
Share Market,Unknown,Unknown,30000.0,Transfer-Out,INR,2018,1,27,Saving Bank account 1
Transportation,auto,Place 0 to Current Residence,15.0,Expense,INR,2018,1,26,Cash
Transportation,Train,Place 0 to Place 4 return,20.0,Expense,INR,2018,1,26,Cash
Apparel,Clothing,Pyjama (999)+ carry bag (10),1009.0,Expense,INR,2018,1,26,Credit Card
Food,Rajgira ladu,1 packet,20.0,Expense,INR,2018,1,26,Saving Bank account 1
Food,Milk,1 lit ,69.0,Expense,INR,2018,1,26,Saving Bank account 1
Food,Potato,potato 1kg,25.0,Expense,INR,2018,1,26,Cash
Household,Kirana,Idli pith 1kg,38.0,Expense,INR,2018,1,26,Cash
Food,Lunch,Catering Service,70.0,Expense,INR,2018,1,25,Cash
Saving Bank account 1,Unknown,Unknown,97.14,Transfer-Out,INR,2018,1,24,Share Market Trading
Food,Milk,Half lit  milk,35.0,Expense,INR,2018,1,24,Cash
Household,Kirana,Smart point,273.0,Expense,INR,2018,1,23,Credit Card
Food,flour mill,2 kg Bajari,14.0,Expense,INR,2018,1,22,Saving Bank account 1
Food,flour mill,M D sure 3kg atta,162.0,Expense,INR,2018,1,22,Cash
Health,Medicine,Cough-sills 4 pcs + sinarest 3 pcs,30.0,Expense,INR,2018,1,22,Saving Bank account 1
Food,Milk,1 lit ,69.0,Expense,INR,2018,1,22,Saving Bank account 1
Food,Dinner,Home Food Delivery,384.0,Expense,INR,2018,1,21,Credit Card
Amazon pay cashback,Unknown,Unknown,2.0,Income,INR,2018,1,20,Saving Bank account 1
Food,Biscuits,crack-jack 1 packi,10.0,Expense,INR,2018,1,20,Saving Bank account 1
Food,Bread,Unknown,45.0,Expense,INR,2018,1,20,Saving Bank account 1
subscription,Tata Sky,Permanent Residence - Tata Play recharge,179.0,Expense,INR,2018,1,20,Credit Card
Food,Bread,Flatbread 6 pcs,17.0,Expense,INR,2018,1,19,Saving Bank account 1
Household,Kirana,Amul butter,53.0,Expense,INR,2018,1,19,Saving Bank account 1
Food,Bread,Flatbread 6 pcs,20.0,Expense,INR,2018,1,19,Cash
Household,Kirana,Cakes,46.0,Expense,INR,2018,1,19,Cash
Transportation,Bike,Two Wheeler Bikedelux second installment,50000.0,Expense,INR,2018,1,18,Saving Bank account 1
Food,Lunch,Fresh veggie pizza,219.0,Expense,INR,2018,1,18,Credit Card
Food,Eggs,6 eggs,42.0,Expense,INR,2018,1,18,Saving Bank account 1
Food,Milk,1 lit ,69.0,Expense,INR,2018,1,18,Saving Bank account 1
Household,Kirana,Bhagar 1kg 130 + idli pith 1kg 35,165.0,Expense,INR,2018,1,16,Cash
Food,Milk,1 lit ,69.0,Expense,INR,2018,1,16,Saving Bank account 1
Social Life,Leisure,Marathon,298.0,Expense,INR,2018,1,16,Credit Card
Food,Sweets,Chitale Srikhand,284.0,Expense,INR,2018,1,15,Credit Card
Food,Grocery,onion 1 kg + half kg potato,38.0,Expense,INR,2018,1,15,Cash
Transportation,Train,Place 0 to Place 3 returns,40.0,Expense,INR,2018,1,15,Cash
Transportation,auto,Uber auto: Place 4 Station to Current Residence society,266.0,Expense,INR,2018,1,15,Saving Bank account 1
Transportation,Train,Place 0 to Santacruz return,40.0,Expense,INR,2018,1,14,Cash
Household,Hardware,Vibrating electronic message tool,798.0,Expense,INR,2018,1,14,Credit Card
Transportation,auto,station to Decathlon,20.0,Expense,INR,2018,1,14,Cash
Transportation,auto,Decathlon to station,25.0,Expense,INR,2018,1,14,Cash
Apparel,Clothing,Head band,199.0,Expense,INR,2018,1,14,Credit Card
Transportation,auto,Pali hill to Bandra station,23.0,Expense,INR,2018,1,14,Cash
Transportation,auto,mumbai University Kalina to Santacruz station,40.0,Expense,INR,2018,1,14,Cash
Transportation,auto,Current Residence to Place 0,15.0,Expense,INR,2018,1,14,Cash
Health,Medicine,Thyroid Tablets,740.0,Expense,INR,2018,1,13,Cash
Apparel,Laundry,clothes ironing,80.0,Expense,INR,2018,1,13,Saving Bank account 1
Food,Bread,Flatbread 24 pcs,30.0,Expense,INR,2017,12,31,Cash
Salary,Unknown,From workplace ,64623.0,Income,INR,2017,12,31,Saving Bank account 1
Interest,Unknown,interest paid,594.0,Income,INR,2017,12,31,Saving Bank account 1
Food,vegetables,Dudhi 20 + mirchi 5,25.0,Expense,INR,2017,12,30,Cash
Family,misc,For utensils,450.0,Expense,INR,2017,12,29,Saving Bank account 1
Food,snacks,3 pavwada,30.0,Expense,INR,2017,12,29,Cash
Household,Kirana,Unknown,182.0,Expense,INR,2017,12,29,Cash
Food,flour mill,Unknown,5.0,Expense,INR,2017,12,29,Cash
subscription,Mobile Service Provider,Data booster pack,181.0,Expense,INR,2017,12,29,Saving Bank account 1
Food,vegetables,Ginger,10.0,Expense,INR,2017,12,28,Cash
Food,Grocery,Tata salt 28+ 6 eggs 42,70.0,Expense,INR,2017,12,27,Cash
Fixed Deposit,Unknown,Unknown,250000.0,Transfer-Out,INR,2017,12,26,Saving Bank account 1
Saving Bank account 1,Unknown,Unknown,150000.0,Transfer-Out,INR,2017,12,26,Deposit
subscription,Newspaper,"ET Prime (1+1) till 24 Dec,2024",1749.0,Expense,INR,2017,12,26,Credit Card
subscription,Tata Sky,Permanent Residence - Tata Play recharge,156.0,Expense,INR,2017,12,25,Credit Card
subscription,Mobile Service Provider,Data booster pack,181.0,Expense,INR,2017,12,25,Saving Bank account 1
Transportation,auto,Place 2 station to Permanent Residence,80.0,Expense,INR,2017,12,25,Cash
Transportation,auto,2 Current Residence to Place 0,30.0,Expense,INR,2017,12,24,Saving Bank account 1
Gift,Unknown,Birthday gift,1364.0,Expense,INR,2017,12,24,Credit Card
Food,snacks,Gupta bhel,25.0,Expense,INR,2017,12,24,Cash
Household,Toiletries,Toothbrush (buy 2 get 1),100.0,Expense,INR,2017,12,24,Cash
Food,Milk,Half lit  milk,35.0,Expense,INR,2017,12,24,Saving Bank account 1
Gift,Unknown,Birthday gift,798.0,Expense,INR,2017,12,23,Credit Card
Food,Lunch,Home Food Delivery,380.0,Expense,INR,2017,12,22,Saving Bank account 1
Food,snacks,Vadapav,15.0,Expense,INR,2017,12,21,Saving Bank account 1
Household,Kirana,Surti kolam 2kg (54rsx2)+Monaco biscuits,118.0,Expense,INR,2017,12,21,Cash
Food,Lunch,Catering Service,65.0,Expense,INR,2017,12,21,Cash
Food,Milk,milk 1lit ,70.0,Expense,INR,2017,12,21,Cash
Food,Lunch,Catering Service,95.0,Expense,INR,2017,12,20,Cash
subscription,Edtech Course,Renewal,28400.0,Expense,INR,2017,12,20,Credit Card
Gpay Reward,Unknown,Unknown,6.0,Income,INR,2017,12,19,Saving Bank account 1
Family,Pocket money,Unknown,500.0,Expense,INR,2017,12,19,Cash
Food,snacks,Chicken Frankie,45.0,Expense,INR,2017,12,19,Cash
Saving Bank account 1,Unknown,Fund Withdrawal,108.96,Transfer-Out,INR,2017,12,19,Share Market Trading
Transportation,Train,Place 0 to WS return,10.0,Expense,INR,2017,12,19,Cash
Food,Milk,milk 1lit ,69.0,Expense,INR,2017,12,19,Saving Bank account 1
Apparel,Clothing,undergarment single,312.0,Expense,INR,2017,12,18,Credit Card
Food,Dinner,At restaurant,505.0,Expense,INR,2017,12,17,Credit Card
Transportation,auto,within city,30.0,Expense,INR,2017,12,17,Cash
Household,Kirana,Dmart,878.0,Expense,INR,2017,12,17,Credit Card
Food,Tea,2 cutting chai,20.0,Expense,INR,2017,12,17,Cash
Transportation,auto,college to inorbit,25.0,Expense,INR,2017,12,17,Cash
Transportation,Train,Place 0 to Place 4 return,20.0,Expense,INR,2017,12,17,Cash
Transportation,auto,Current Residence to Place 0,15.0,Expense,INR,2017,12,17,Cash
Food,Milk,milk 1lit ,69.0,Expense,INR,2017,12,16,Saving Bank account 1
Other,Unknown,Nosebud,10.0,Expense,INR,2017,12,15,Cash
Food,Ice cream,chocobar,15.0,Expense,INR,2017,12,15,Cash
Petty cash,Unknown,From Family,3000.0,Income,INR,2017,12,14,Saving Bank account 1
Food,Grocery,Paneer + 1 kg onion,145.0,Expense,INR,2017,12,14,Cash
Apparel,Laundry,clothes ironing,98.0,Expense,INR,2017,12,13,Cash
Family,Pocket money,Unknown,20.0,Expense,INR,2017,12,13,Cash
Food,Milk,milk 1lit ,69.0,Expense,INR,2017,12,13,Saving Bank account 1
Health,Medicine,5 Meftal spas,22.0,Expense,INR,2017,11,30,Saving Bank account 1
Health,Health,Glasses remaining,800.0,Expense,INR,2017,11,30,Saving Bank account 1
Health,Health,Family's Glasses,22700.0,Expense,INR,2017,11,30,Credit Card
Money transfer,Home,Unknown,10000.0,Expense,INR,2017,11,30,Saving Bank account 1
Saving Bank account 2,Unknown,Unknown,77.33,Transfer-Out,INR,2017,11,30,Saving Bank account 1
Family,Pocket money,Change,50.0,Expense,INR,2017,11,30,Cash
Salary,Unknown,From workplace ,64636.0,Income,INR,2017,11,30,Saving Bank account 1
Food,Bread,Sweet bread cake pav kg,90.0,Expense,INR,2017,11,28,Saving Bank account 1
Food,Eggs,6 eggs,42.0,Expense,INR,2017,11,28,Saving Bank account 1
Food,Bread,Unknown,18.0,Expense,INR,2017,11,28,Saving Bank account 1
Household,Kirana,Toast+ biscuits,115.0,Expense,INR,2017,11,28,Credit Card
Food,vegetables,Unknown,140.0,Expense,INR,2017,11,28,Saving Bank account 1
Food,Milk,1 lit ,69.0,Expense,INR,2017,11,28,Saving Bank account 1
Health,Health,Glasses advance,1000.0,Expense,INR,2017,11,27,Saving Bank account 1
Gpay Reward,Unknown,Unknown,7.0,Income,INR,2017,11,27,Saving Bank account 1
Transportation,auto,2 Place 0 to Current Residence,30.0,Expense,INR,2017,11,27,Cash
Transportation,auto,Place 6 station to  mall,30.0,Expense,INR,2017,11,27,Cash
Transportation,Train,1 Place 0 to Place 6,5.0,Expense,INR,2017,11,27,Cash
Apparel,Footwear,Sandals Hush puppies,2699.0,Expense,INR,2017,11,27,Credit Card
Gpay Reward,Unknown,Unknown,8.0,Income,INR,2017,11,26,Saving Bank account 1
Transportation,auto,eye institute to Place 6 station,40.0,Expense,INR,2017,11,26,Cash
Health,Medicine,eye drop,159.0,Expense,INR,2017,11,26,Credit Card
Transportation,auto,Place 6 station to eye institute,40.0,Expense,INR,2017,11,26,Cash
Health,Hospital,"Routine checkup - eye institute, Place 6",400.0,Expense,INR,2017,11,26,Saving Bank account 1
Transportation,Train,1 Place 0 to Place 6 return,10.0,Expense,INR,2017,11,26,Cash
subscription,Tata Sky,Permanent Residence - Tata Play recharge,156.0,Expense,INR,2017,11,25,Credit Card
Food,Milk,1 lit ,69.0,Expense,INR,2017,11,25,Saving Bank account 1
Apparel,Laundry,clothes ironing : Rs 6 per item,90.0,Expense,INR,2017,11,25,Cash
Food,vegetables,Half kg tomato,10.0,Expense,INR,2017,11,25,Cash
Culture,Movie,2 PVR Place 6,314.0,Expense,INR,2017,11,24,Credit Card
Food,Bread,Flatbread 8 pcs,23.0,Expense,INR,2017,11,23,Cash
Food,Grocery,Dahi + remaining balance,17.0,Expense,INR,2017,11,23,Cash
Food,flour mill,3 kg Bajari,21.0,Expense,INR,2017,11,23,Cash
Food,Milk,1 lit ,69.0,Expense,INR,2017,11,23,Saving Bank account 1
Food,Milk,milk 1lit ,70.0,Expense,INR,2017,11,20,Saving Bank account 1
scrap,Unknown,Unknown,200.0,Income,INR,2017,11,20,Cash
Food,snacks,1 Panipuri,20.0,Expense,INR,2017,11,19,Saving Bank account 1
Transportation,auto,2 Place 0 to Current Residence,30.0,Expense,INR,2017,11,19,Cash
Transportation,Train,2 Place 0 to Place 6 return,20.0,Expense,INR,2017,11,19,Cash
Transportation,auto,2 Current Residence to Place 0,30.0,Expense,INR,2017,11,19,Cash
Culture,Movie,2 PVR Place 6,436.0,Expense,INR,2017,11,19,Credit Card
Household,Kirana,Khobra + shengdana+ vim bar,242.0,Expense,INR,2017,11,18,Credit Card
Food,Eggs,6 eggs,39.0,Expense,INR,2017,11,18,Saving Bank account 1
subscription,Mahanagar Gas,Unknown,147.0,Expense,INR,2017,11,18,Saving Bank account 1
Self-development,Unknown,Marathon,950.0,Expense,INR,2017,11,18,Saving Bank account 1
Food,Milk,1.5 lit milk ,104.0,Expense,INR,2017,11,18,Saving Bank account 1
Food,Ice cream,Vanila family pack,105.0,Expense,INR,2017,11,17,Saving Bank account 1
Household,Kirana,Agarbatti 55 + dahi 25,80.0,Expense,INR,2017,11,17,Saving Bank account 1
Food,flour mill,4 kg Gehu,28.0,Expense,INR,2017,11,17,Saving Bank account 1
Food,Milk,1 lit ,70.0,Expense,INR,2017,11,16,Saving Bank account 1
Food,Dinner,Home Food Delivery,524.0,Expense,INR,2017,11,15,Credit Card
Household,Kirana,Toast 55 + Kisan Jam 85 + all out 75,209.0,Expense,INR,2017,11,15,Saving Bank account 1
Education,Stationary,Photo paper print,45.0,Expense,INR,2017,11,15,Saving Bank account 1
Food,Bread,brown bread,25.0,Expense,INR,2017,11,15,Saving Bank account 1
Household,Kirana,Amul butter 52 + Good Day biscuits 43,95.0,Expense,INR,2017,11,15,Credit Card
Food,fruits,Unknown,125.0,Expense,INR,2017,11,14,Cash
Family,Pocket money,Unknown,770.0,Expense,INR,2017,11,14,Cash
Food,Grocery,vegetables,160.0,Expense,INR,2017,11,14,Saving Bank account 1
Household,Kirana,Pani Puri packet + Bundi + chivda,180.0,Expense,INR,2017,11,13,Saving Bank account 1
Food,Milk,milk 1lit varna,70.0,Expense,INR,2017,11,13,Saving Bank account 1
Food,Grocery,onion 1 kg + half kg potato,50.0,Expense,INR,2017,11,13,Saving Bank account 1
Household,Kirana,Maggie + lizol,268.0,Expense,INR,2017,11,13,Credit Card
Food,Grocery,Shev bhaji sev pav kg,60.0,Expense,INR,2017,11,13,Saving Bank account 1
subscription,Mobile Service Provider,Mobile Service Provider freedom pack,296.0,Expense,INR,2017,10,29,Saving Bank account 1
subscription,Mobile Service Provider,Mobile Service Provider freedom pack,296.0,Expense,INR,2017,10,29,Credit Card
subscription,Hotstar,subscription 1yr,795.49,Expense,INR,2017,10,29,Credit Card
Transportation,auto,Permanent Residence to bus stand,40.0,Expense,INR,2017,10,27,Cash
Transportation,auto,within city,50.0,Expense,INR,2017,10,26,Cash
Festivals,Diwali,Offering,50.0,Expense,INR,2017,10,26,Cash
Festivals,Diwali,Offering,10.0,Expense,INR,2017,10,26,Cash
Festivals,Diwali,Offering,500.0,Expense,INR,2017,10,26,Cash
Petty cash,Unknown,From Family,3000.0,Income,INR,2017,10,25,Saving Bank account 1
subscription,Mobile Service Provider,Mobile Service Provider freedom pack,296.0,Expense,INR,2017,10,24,Saving Bank account 1
Food,snacks,Dahi,10.0,Expense,INR,2017,10,24,Cash
Household,Toiletries,Shampoo sachets,9.0,Expense,INR,2017,10,23,Cash
Apparel,Footwear,Slippers,220.0,Expense,INR,2017,10,23,Cash
Festivals,Diwali,Aakash kandil,200.0,Expense,INR,2017,10,23,Cash
Household,Toiletries,Dettol liquid handwash refill,99.0,Expense,INR,2017,10,23,Cash
Household,Kitchen,flour mill,27.0,Expense,INR,2017,10,23,Cash
Household,Kirana,Unknown,50.0,Expense,INR,2017,10,23,Cash
subscription,Tata Sky,Permanent Residence - Tata Play recharge,191.0,Expense,INR,2017,10,23,Saving Bank account 1
Transportation,auto,Current Residence to Place 1 bus stop highway,50.0,Expense,INR,2017,10,22,Cash
Other,Unknown,ipad cover + case,1888.0,Expense,INR,2017,10,21,Credit Card
Food,Grocery,Onion half kg 13 + milkybar 10 + Colgate maxfresh 10,33.0,Expense,INR,2017,10,21,Cash
maid,Unknown,Unknown,2000.0,Expense,INR,2017,10,21,Cash
Gift,Unknown,farewell contribution,200.0,Expense,INR,2017,10,20,Saving Bank account 1
Festivals,Diwali,Rangoli + stamp,20.0,Expense,INR,2017,10,20,Cash
Food,snacks,Gupta bhel,25.0,Expense,INR,2017,10,19,Cash
Transportation,train,2 Place 2 to Place 3 : Sevagram express 3AC,1333.0,Expense,INR,2017,10,18,Credit Card
Transportation,train,2 Place 3 to Place 2 : Amritsar express 3AC,1231.0,Expense,INR,2017,10,18,Credit Card
Petty cash,Unknown,From Family,3000.0,Income,INR,2017,10,17,Saving Bank account 1
Family,Pocket money,Unknown,70.0,Expense,INR,2017,10,13,Cash
Health,Medicine,Candid dusting powder,59.0,Expense,INR,2017,9,30,Saving Bank account 1
Household,Kirana,Supermart,155.0,Expense,INR,2017,9,30,Saving Bank account 1
Food,Grocery,vegetables,135.0,Expense,INR,2017,9,30,Saving Bank account 1
Food,Grocery,vegetables,30.0,Expense,INR,2017,9,30,Cash
Household,Kitchen,Cooktop installation+ base,600.0,Expense,INR,2017,9,30,Cash
Salary,Unknown,From workplace ,61578.0,Income,INR,2017,9,30,Saving Bank account 1
Interest,Unknown,interest paid,778.0,Income,INR,2017,9,30,Saving Bank account 1
Apparel,Laundry,clothes ironing : Rs 6 per item,60.0,Expense,INR,2017,9,29,Cash
Food,snacks,Gupta bhel,25.0,Expense,INR,2017,9,29,Cash
Food,Ice cream,Vanila cup,10.0,Expense,INR,2017,9,29,Cash
Health,Medicine,3 tablet Nor tz,21.0,Expense,INR,2017,9,29,Saving Bank account 1
subscription,Tata Sky,Current Residence - Tata Play recharge,215.0,Expense,INR,2017,9,28,Saving Bank account 1
Transportation,Travels,2 Place 1 to Place 2 - Novelty tour and travels,2388.0,Expense,INR,2017,9,28,Saving Bank account 1
Household,Kirana,Unknown,312.0,Expense,INR,2017,9,27,Cash
Gpay Reward,Unknown,Unknown,6.0,Income,INR,2017,9,27,Saving Bank account 1
Gift,Unknown,farewell contribution,334.0,Expense,INR,2017,9,27,Saving Bank account 1
Food,fruits,half kg chiku,30.0,Expense,INR,2017,9,25,Saving Bank account 1
Food,fruits,Apple 2 kg (110) + Banana 1kg (80),300.0,Expense,INR,2017,9,25,Saving Bank account 1
Transportation,auto,2 Place 0 to Current Residence,30.0,Expense,INR,2017,9,24,Cash
Transportation,Train,Place 0 to WS return,10.0,Expense,INR,2017,9,24,Cash
Culture,Movie,2,560.0,Expense,INR,2017,9,24,Credit Card
Food,Sweets,Half kg pedhe,280.0,Expense,INR,2017,9,24,Cash
Beauty,grooming,hair cut,100.0,Expense,INR,2017,9,24,Saving Bank account 1
Food,Dinner,Chicken masala gravy,100.0,Expense,INR,2017,9,23,Saving Bank account 1
Other,Unknown,Umbrella cover repair,10.0,Expense,INR,2017,9,21,Cash
Transportation,auto,Place 0 to Current Residence,15.0,Expense,INR,2017,9,21,Cash
Food,snacks,Vadapav,15.0,Expense,INR,2017,9,21,Cash
Food,Tea,Unknown,10.0,Expense,INR,2017,9,21,Cash
Transportation,Train,Place 0 to dadar return,30.0,Expense,INR,2017,9,21,Cash
Family,Pocket money,Unknown,70.0,Expense,INR,2017,9,21,Cash
Health,Health,Surgical gloves pair,20.0,Expense,INR,2017,9,20,Saving Bank account 1
Other,Unknown,CSR,100.0,Expense,INR,2017,9,20,Saving Bank account 1
Family,Pocket money,Unknown,20.0,Expense,INR,2017,9,20,Cash
Health,Medicine,Unknown,55.0,Expense,INR,2017,9,18,Saving Bank account 1
Food,fruits,half kg chiku,60.0,Expense,INR,2017,9,18,Cash
Food,fruits,Nariyal,55.0,Expense,INR,2017,9,18,Cash
Household,Kirana,Unknown,114.0,Expense,INR,2017,9,17,Saving Bank account 1
Health,Medicine,Unknown,151.0,Expense,INR,2017,9,17,Saving Bank account 1
Household,Kirana,Supermart,558.0,Expense,INR,2017,9,17,Credit Card
Food,Bread,Unknown,35.0,Expense,INR,2017,9,17,Saving Bank account 1
Food,Milk,1.5 lit milk ,99.0,Expense,INR,2017,9,17,Saving Bank account 1
Food,Dinner,Sugaran Kitchen,60.0,Expense,INR,2017,9,15,Cash
Food,Lunch,Unknown,130.0,Expense,INR,2017,9,15,Saving Bank account 1
Food,fruits,Nariyal,55.0,Expense,INR,2017,9,15,Cash
Health,Medicine,Unknown,373.0,Expense,INR,2017,9,15,Saving Bank account 1
Health,Hospital,Doctor Fees,150.0,Expense,INR,2017,9,15,Saving Bank account 1
Transportation,Travels,2 Place 2 to Place 1 - Novelty tour and travels,1400.0,Expense,INR,2017,9,15,Saving Bank account 1
Food,Tea,2 tea parcel,24.0,Expense,INR,2017,9,15,Saving Bank account 1
Food,breakfast,2 plates poha,50.0,Expense,INR,2017,9,15,Saving Bank account 1
Food,Milk,milk 1lit ,66.0,Expense,INR,2017,9,15,Saving Bank account 1
Food,Lunch,Unknown,282.0,Expense,INR,2017,9,14,Credit Card
subscription,Tata Sky,Current Residence - Tata Play recharge,100.0,Expense,INR,2017,9,14,Saving Bank account 1
Food,Dinner,Sugaran Kitchen,110.0,Expense,INR,2017,9,13,Saving Bank account 1
Other,Unknown,Sms charges + GST,17.7,Expense,INR,2017,8,31,Saving Bank account 2
Household,Toiletries,Odonil,60.0,Expense,INR,2017,8,31,Cash
Household,Kirana,Honey small bottle,10.0,Expense,INR,2017,8,31,Cash
Household,Kirana,Janeyu,5.0,Expense,INR,2017,8,31,Cash
Household,Kirana,Nariyal,25.0,Expense,INR,2017,8,31,Cash
Gpay Reward,Unknown,Unknown,5.0,Income,INR,2017,8,31,Saving Bank account 1
Gpay Reward,Unknown,Unknown,14.0,Income,INR,2017,8,31,Saving Bank account 1
Food,Milk,1.5 lit milk ,99.0,Expense,INR,2017,8,31,Saving Bank account 1
Health,Medicine,5 Meftal spas,22.0,Expense,INR,2017,8,30,Saving Bank account 1
Salary,Unknown,From workplace ,61578.0,Income,INR,2017,8,30,Saving Bank account 1
Transportation,Taxi,Ola cab - Domestic airport T1 to Current Residence,640.0,Expense,INR,2017,8,29,Cash
Tourism,Trip,Misc expense,200.0,Expense,INR,2017,8,28,Cash
Food,snacks,2 chips packets,20.0,Expense,INR,2017,8,28,Cash
Tourism,Trip,Misc expense,100.0,Expense,INR,2017,8,27,Cash
Health,Medicine,Vicks inhaler,59.0,Expense,INR,2017,8,27,Cash
Transportation,auto,market to resort,200.0,Expense,INR,2017,8,27,Cash
Food,breakfast,Parle G chota pack,5.0,Expense,INR,2017,8,26,Cash
Maturity amount,Unknown,FD matured,61754.0,Income,INR,2017,8,26,Saving Bank account 1
Health,Medicine,strepsils 13 pills,39.0,Expense,INR,2017,8,25,Cash
Transportation,auto,Auto : Mahal to hotel,40.0,Expense,INR,2017,8,24,Cash
Food,Eating out,roof top lounge  (200 french fries + 100 masala tea)+15 GST + 10 Tip,325.0,Expense,INR,2017,8,24,Credit Card
Household,home decor,2 Bedsheets (1500 each),3000.0,Expense,INR,2017,8,24,Credit Card
Apparel,Clothing,Jaipuri handprinted Maharani Saree (1850 Two pcs + 1500 1 pc),5200.0,Expense,INR,2017,8,24,Credit Card
Food,Lunch,180 Chicken Sandwich + 120 vada pav & Samosa,300.0,Expense,INR,2017,8,23,Cash
Transportation,Taxi,Ola cab - Current Residence to Domestic airport T1,850.0,Expense,INR,2017,8,23,Cash
Family,Pocket money,Unknown,5000.0,Expense,INR,2017,8,22,Cash
Household,Kitchen,Mahanagar Gas connection installation,300.0,Expense,INR,2017,8,22,Cash
Household,Appliances,Selfie stick Bluetooth tripod,280.0,Expense,INR,2017,8,21,Saving Bank account 1
Beauty,grooming,Shaving,50.0,Expense,INR,2017,8,21,Saving Bank account 1
Food,Grocery,1.5 kg onions,33.0,Expense,INR,2017,8,21,Saving Bank account 1
Beauty,Accessories,Lens cleaner,80.0,Expense,INR,2017,8,21,Saving Bank account 1
Education,Stationary,15 fevistick + 12 xerox2 & print2,27.0,Expense,INR,2017,8,21,Saving Bank account 1
Food,Ice cream,Baskin Robbins,166.0,Expense,INR,2017,8,20,Credit Card
Food,Lunch,280 chicken dum biryani+ 200 paneer tikka laziz + GST,504.0,Expense,INR,2017,8,20,Credit Card
Transportation,auto,BKC to kurla station,60.0,Expense,INR,2017,8,20,Cash
Transportation,Taxi,Ola cab - siddhivinayak to BKC,361.0,Expense,INR,2017,8,20,Saving Bank account 1
Transportation,Taxi,Dadar West to siddhivinayak,25.0,Expense,INR,2017,8,20,Cash
Transportation,Train,2 Place 0 to dadar return,60.0,Expense,INR,2017,8,20,Cash
Transportation,auto,2 Current Residence to Place 0,30.0,Expense,INR,2017,8,20,Cash
Apparel,Laundry,clothes ironing : Rs 6 per item,48.0,Expense,INR,2017,8,20,Cash
Other,Unknown,Mobile cover moto G5 plus,239.0,Expense,INR,2017,8,20,Credit Card
Household,Furniture,Foldable wardrobe,569.0,Expense,INR,2017,8,20,Credit Card
Household,Appliances,2 locks for bags,60.0,Expense,INR,2017,8,19,Cash
Household,Kirana,Colgate max fresh small,20.0,Expense,INR,2017,8,19,Cash
Household,Kirana,Dettol sanitizer,45.0,Expense,INR,2017,8,19,Cash
subscription,Tata Sky,Current Residence - Tata Play recharge,217.0,Expense,INR,2017,8,19,Saving Bank account 1
Family,Pocket money,Unknown,100.0,Expense,INR,2017,8,18,Cash
maid,Unknown,Unknown,1020.0,Expense,INR,2017,8,17,Cash
Household,Kirana,Sugar 1kg Rs.55 + shengdana Rs.33,88.0,Expense,INR,2017,8,17,Cash
Food,snacks,2 Bhaji pav + 1 vadapav,45.0,Expense,INR,2017,8,17,Cash
Household,Appliances,Wifi Router TP link,1400.0,Expense,INR,2017,8,15,Credit Card
Food,Milk,1.5 lit milk ,99.0,Expense,INR,2017,8,15,Saving Bank account 1
Household,Appliances,Steam machine,320.0,Expense,INR,2017,8,14,Credit Card
Household,Kirana,Biscuits+ onions,112.0,Expense,INR,2017,8,14,Credit Card
Food,Dinner,Catering Service:Chicken masala (90)+2 chapati (10),100.0,Expense,INR,2017,7,31,Saving Bank account 1
Transportation,auto,ola auto - Current Residence to McD,65.0,Expense,INR,2017,7,31,Cash
Food,Eggs,4 eggs,22.0,Expense,INR,2017,7,31,Saving Bank account 1
Gpay Reward,Unknown,Unknown,6.0,Income,INR,2017,7,30,Saving Bank account 1
Food,Grocery,Dahi 2 packets,20.0,Expense,INR,2017,7,30,Cash
Transportation,Travels,2 Neeta travels : Place A to pune,895.0,Expense,INR,2017,7,30,Saving Bank account 1
Household,Appliances,Laptop repair,1000.0,Expense,INR,2017,7,30,Cash
Household,Appliances,Laptop repair ( 128gb SSD rs 2200+ 500gb HDD Rs.1800 + Msoffice+ windows),3000.0,Expense,INR,2017,7,30,Saving Bank account 1
Food,snacks,Chicken roll kasha,100.0,Expense,INR,2017,7,30,Cash
Transportation,Train,Place 0 to Place 4 return,20.0,Expense,INR,2017,7,30,Cash
Salary,Unknown,From workplace ,61578.0,Income,INR,2017,7,30,Saving Bank account 1
Food,Milk,milk 1lit ,64.0,Expense,INR,2017,7,29,Saving Bank account 1
Health,Medicine,Hospital consultation,556.0,Expense,INR,2017,7,29,Credit Card
Transportation,auto,ola auto - Current Residence to hospital Place 6,97.0,Expense,INR,2017,7,29,Saving Bank account 1
Transportation,auto,2 Place 0 to Current Residence,30.0,Expense,INR,2017,7,28,Cash
Health,Medicine,Hospital consultation,167.0,Expense,INR,2017,7,28,Credit Card
Health,Hospital,Hospital consultation,3050.0,Expense,INR,2017,7,28,Credit Card
Transportation,Train,2 Place 0 to Place 6 return,20.0,Expense,INR,2017,7,28,Cash
Transportation,auto,2 Current Residence to Place 0,30.0,Expense,INR,2017,7,28,Cash
Food,Dinner,Non veg overloaded pizza,215.0,Expense,INR,2017,7,27,Credit Card
Food,Lunch,Chicken lollypop 4 pcs,203.0,Expense,INR,2017,7,27,Credit Card
Household,Appliances,Distilled water refill Inverter (Rs.100 given by Family),200.0,Expense,INR,2017,7,27,Cash
Maturity amount,Unknown,RD2 matured,40326.0,Income,INR,2017,7,27,Deposit
Maturity amount,Unknown,RD1 matured,40326.0,Income,INR,2017,7,27,Deposit
Tax refund,Unknown,Unknown,19350.0,Income,INR,2017,7,26,Saving Bank account 1
Tourism,Trip,Tours and Travel,20000.0,Expense,INR,2017,7,25,Saving Bank account 1
Food,snacks,Garlic bread + periperi masala fries,248.0,Expense,INR,2017,7,24,Credit Card
Food,Eggs,4 eggs,22.0,Expense,INR,2017,7,24,Saving Bank account 1
Food,Milk,milk 1lit ,64.0,Expense,INR,2017,7,24,Saving Bank account 1
Household,Appliances,For tata sky installation (100 rs given by Family ),200.0,Expense,INR,2017,7,23,Cash
Household,Appliances,Tata sky STB (1299)+ 1 month recharge (226)+ extra wire 45meters(540),2065.0,Expense,INR,2017,7,23,Saving Bank account 1
Food,Grocery,Amul butter,52.0,Expense,INR,2017,7,23,Saving Bank account 1
Food,Milk,milk 1lit ,64.0,Expense,INR,2017,7,22,Saving Bank account 1
Equity Mutual Fund C,Unknown,Unknown,1000.0,Transfer-Out,INR,2017,7,21,Saving Bank account 1
Other,Unknown,CA  - income tax filing,1000.0,Expense,INR,2017,7,21,Saving Bank account 1
Food,Milk,Half lit  milk,33.0,Expense,INR,2017,7,21,Saving Bank account 1
Food,Grocery,Unknown,88.0,Expense,INR,2017,7,20,Saving Bank account 1
Food,snacks,Puri packet of 50 pcs,50.0,Expense,INR,2017,7,20,Cash
subscription,Mobile Service Provider,Annual recharge,2545.0,Expense,INR,2017,7,20,Credit Card
Food,Milk,Half lit  milk,32.0,Expense,INR,2017,7,20,Saving Bank account 1
Food,Eggs,4 eggs,22.0,Expense,INR,2017,7,19,Saving Bank account 1
Food,Milk,Half lit  milk,32.0,Expense,INR,2017,7,19,Saving Bank account 1
Food,beverage,Thumbs up 250ml,20.0,Expense,INR,2017,7,18,Saving Bank account 1
Food,Water,5 litres can,70.0,Expense,INR,2017,7,18,Saving Bank account 1
Food,flour mill,Gehu 3 kg Rs21 + bajari 1kg Rs 7 + dal 1.5 kg Rs15,43.0,Expense,INR,2017,7,18,Cash
Food,Grocery,potato 1kg,35.0,Expense,INR,2017,7,18,Saving Bank account 1
Household,Hardware,Pakad,240.0,Expense,INR,2017,7,18,Saving Bank account 1
Household,Hardware,Umbrella,540.0,Expense,INR,2017,7,18,Saving Bank account 1
Other,Unknown,Hari oil depo coupon,25.0,Income,INR,2017,7,18,Cash
Food,Grocery,onion 2.5 kg,55.0,Expense,INR,2017,7,18,Cash
Transportation,auto,2 Place 0 to Current Residence,30.0,Expense,INR,2017,7,17,Cash
Apparel,Laundry,9 clothes ironing,63.0,Expense,INR,2017,7,17,Saving Bank account 1
Food,beverage,Lemon tea,60.0,Expense,INR,2017,7,17,Saving Bank account 1
Food,Lunch,1 dal makhani rice(200)+ 1 chicken tikka rice(220)+chocolate pastry (120),540.0,Expense,INR,2017,7,17,Credit Card
Transportation,Train,2 Place 0 to TB returns,40.0,Expense,INR,2017,7,17,Saving Bank account 1
Food,snacks,Gupta bhel,25.0,Expense,INR,2017,7,15,Saving Bank account 1
Food,Milk,Half lit  milk,32.0,Expense,INR,2017,7,15,Saving Bank account 1
Food,Ice cream,chocobar,15.0,Expense,INR,2017,7,14,Saving Bank account 1
Gift,Unknown,Forrest essential perfume,4800.0,Expense,INR,2017,6,30,Saving Bank account 1
Interest,Unknown,interest paid,870.0,Income,INR,2017,6,30,Saving Bank account 1
Salary,Unknown,From workplace ,56957.0,Income,INR,2017,6,30,Saving Bank account 1
Beauty,grooming,Shaving,60.0,Expense,INR,2017,6,29,Saving Bank account 1
Transportation,auto,Place 2 station to hospital 2 seat,50.0,Expense,INR,2017,6,29,Cash
Transportation,Train,2 Place 0 to tilaknagar single side,30.0,Expense,INR,2017,6,28,Cash
Transportation,auto,2 Current Residence to Place 0,30.0,Expense,INR,2017,6,28,Cash
Food,Lunch,Chicken lollypop 4 pcs,186.5,Expense,INR,2017,6,28,Saving Bank account 1
Food,Grocery,5rs mirchi + crack-jack,15.0,Expense,INR,2017,6,28,Saving Bank account 1
Family,Pocket money,Unknown,1500.0,Expense,INR,2017,6,28,Saving Bank account 1
maid,Unknown,House Cleaning + washing utensils,2000.0,Expense,INR,2017,6,28,Cash
Recurring Deposit,Unknown,New RD opened for 3 years,1000.0,Transfer-Out,INR,2017,6,27,Saving Bank account 1
Fixed Deposit,Unknown,New FD opened for 3 years,200000.0,Transfer-Out,INR,2017,6,27,Saving Bank account 1
Health,Medicine,Cough-sills 4 pcs,12.0,Expense,INR,2017,6,27,Cash
Food,snacks,2 kachori,24.0,Expense,INR,2017,6,26,Saving Bank account 1
Food,Grocery,Dahi 2 packets,20.0,Expense,INR,2017,6,26,Saving Bank account 1
Food,Milk,milk 1lit ,64.0,Expense,INR,2017,6,26,Saving Bank account 1
Transportation,Train,Place 0 to WS return,10.0,Expense,INR,2017,6,25,Cash
Food,Milk,milk 1lit ,64.0,Expense,INR,2017,6,24,Saving Bank account 1
Food,Grocery,Shengdane pav kg,35.0,Expense,INR,2017,6,23,Saving Bank account 1
Other,Unknown,Credit Card fee,590.0,Expense,INR,2017,6,23,Saving Bank account 1
Food,Milk,milk 1lit ,64.0,Expense,INR,2017,6,22,Saving Bank account 1
Gift,Unknown,Forrest essential after shave,1595.0,Expense,INR,2017,6,22,Saving Bank account 1
Food,Eating out,Taco Bell veg combo,261.0,Expense,INR,2017,6,22,Saving Bank account 1
Transportation,train,2 Place 0 to WS returns,20.0,Expense,INR,2017,6,22,Cash
Transportation,auto,2 Current Residence to Place 0,30.0,Expense,INR,2017,6,22,Cash
Gift,Unknown,Cupcake mould,250.0,Expense,INR,2017,6,20,Saving Bank account 1
Food,Grocery,Shev bhaji sev pav kg,60.0,Expense,INR,2017,6,19,Saving Bank account 1
Food,flour mill,M D sure 3kg atta,141.0,Expense,INR,2017,6,19,Cash
Food,Grocery,Amul malai paneer pav kg,80.0,Expense,INR,2017,6,19,Saving Bank account 1
Food,breakfast,Bread,18.0,Expense,INR,2017,6,19,Saving Bank account 1
Food,Milk,milk 1lit ,64.0,Expense,INR,2017,6,19,Saving Bank account 1
Transportation,Bus,H to kala circle,12.0,Expense,INR,2017,6,18,Cash
Transportation,Bus,Kala circle to H,15.0,Expense,INR,2017,6,18,Cash
Food,Milk,milk 1lit ,64.0,Expense,INR,2017,6,17,Saving Bank account 1
Gift,Unknown,Jeff kellar's winning attitude,137.0,Expense,INR,2017,6,16,Saving Bank account 1
Food,Milk,milk 1lit ,64.0,Expense,INR,2017,6,16,Saving Bank account 1
Other,Unknown,Courier,50.0,Expense,INR,2017,6,15,Saving Bank account 1
Education,Stationary,Print outs 3 + Xerox 16 + envelope 10,29.0,Expense,INR,2017,6,15,Saving Bank account 1
Food,Milk,milk 1lit ,64.0,Expense,INR,2017,6,13,Saving Bank account 1
Apparel,Clothing,undergarments pair of Jockey,655.0,Expense,INR,2017,5,31,Saving Bank account 1
Salary,Unknown,From workplace ,56970.0,Income,INR,2017,5,31,Saving Bank account 1
Food,Dinner,5 chapati,25.0,Expense,INR,2017,5,30,Saving Bank account 1
Transportation,auto,2 Place 0 to Current Residence,30.0,Expense,INR,2017,5,30,Cash
Food,beverage,Slice + Pepsi,40.0,Expense,INR,2017,5,30,Cash
Food,Lunch,2 veg Frankie,120.0,Expense,INR,2017,5,30,Cash
Household,Kitchen,Crockery,275.0,Expense,INR,2017,5,30,Cash
Food,Tea,2 tea,34.0,Expense,INR,2017,5,30,Saving Bank account 1
Transportation,Train,2 Place 0 to Place P return,80.0,Expense,INR,2017,5,30,Cash
Transportation,auto,2 Current Residence to Place 0,30.0,Expense,INR,2017,5,30,Cash
Food,Grocery,Half kg potato + half kg banana,35.0,Expense,INR,2017,5,29,Saving Bank account 1
Education,Stationary,Xerox,30.0,Expense,INR,2017,5,29,Cash
Food,Milk,milk 1lit ,64.0,Expense,INR,2017,5,29,Saving Bank account 1
Household,Kirana,Unknown,996.0,Expense,INR,2017,5,28,Saving Bank account 1
Food,snacks,2 kachori,24.0,Expense,INR,2017,5,28,Saving Bank account 1
Food,vegetables,Unknown,45.0,Expense,INR,2017,5,28,Cash
Food,Grocery,Mango 1 kg,140.0,Expense,INR,2017,5,28,Saving Bank account 1
Food,Grocery,Unknown,30.0,Expense,INR,2017,5,28,Cash
Food,vegetables,Unknown,60.0,Expense,INR,2017,5,28,Saving Bank account 1
Food,breakfast,Medu vada 1 plate + dal vada 1,70.0,Expense,INR,2017,5,28,Saving Bank account 1
Food,Milk,milk 1lit ,64.0,Expense,INR,2017,5,27,Saving Bank account 1
Education,Stationary,Print outs+ Xerox,20.0,Expense,INR,2017,5,27,Saving Bank account 1
Food,vegetables,Pav kg tomato,20.0,Expense,INR,2017,5,27,Saving Bank account 1
Food,snacks,Ragda Puri,30.0,Expense,INR,2017,5,25,Cash
Transportation,Train,Place 0 to Vikhroli single,15.0,Expense,INR,2017,5,25,Cash
subscription,Cable TV,Unknown,261.0,Expense,INR,2017,5,24,Saving Bank account 1
Food,snacks,Samosa pav @ kurla,15.0,Expense,INR,2017,5,24,Cash
Transportation,Train,Place 0 to Vikhroli return,30.0,Expense,INR,2017,5,24,Cash
Food,Milk,milk 1lit ,64.0,Expense,INR,2017,5,24,Saving Bank account 1
Food,snacks,Gupta bhel,25.0,Expense,INR,2017,5,23,Saving Bank account 1
Household,Kirana,Rasna orange,46.0,Expense,INR,2017,5,23,Cash
Education,Stationary,White board pen 25 + duster 50,75.0,Expense,INR,2017,5,23,Saving Bank account 1
Food,flour mill,M D sure 2kg atta,88.0,Expense,INR,2017,5,22,Saving Bank account 1
Household,Appliances,3 pin Holder,50.0,Expense,INR,2017,5,22,Saving Bank account 1
Food,beverage,Coke 750ml,40.0,Expense,INR,2017,5,22,Saving Bank account 1
Food,beverage,sugarcane juice,15.0,Expense,INR,2017,5,22,Saving Bank account 1
Transportation,Train,2 Place 0 to Place 4 return,30.0,Expense,INR,2017,5,21,Cash
Transportation,auto,2 Current Residence to Place 0,30.0,Expense,INR,2017,5,21,Cash
Food,flour mill,3 kg ( 2kg bajari Rs 7 each + 1kg gahu & maka mix Rs.10),24.0,Expense,INR,2017,5,21,Cash
Transportation,auto,Decathlon to station,20.0,Expense,INR,2017,5,21,Cash
Food,Dinner,pav bhaji + 5 pav extra,219.0,Expense,INR,2017,5,18,Saving Bank account 1
Food,Tea,Unknown,10.0,Expense,INR,2017,5,18,Cash
Food,vegetables,Unknown,60.0,Expense,INR,2017,5,18,Saving Bank account 1
Food,Lunch,Bhai poli,45.0,Expense,INR,2017,5,18,Saving Bank account 1
Food,breakfast,Poha,25.0,Expense,INR,2017,5,18,Saving Bank account 1
Beauty,grooming,Shaving,50.0,Expense,INR,2017,5,18,Cash
Food,Milk,milk 1lit ,64.0,Expense,INR,2017,5,18,Saving Bank account 1
Food,Tea,Unknown,10.0,Expense,INR,2017,5,18,Cash
Food,Tea,Unknown,5.0,Expense,INR,2017,5,17,Cash
Food,Ice cream,Vanila family pack,99.0,Expense,INR,2017,5,17,Saving Bank account 1
Food,Lunch,Full egg fried rice 100 + Manchurian dry 100,210.0,Expense,INR,2017,5,17,Saving Bank account 1
Food,Tea,Unknown,10.0,Expense,INR,2017,5,17,Cash
Food,Tea,Unknown,10.0,Expense,INR,2017,5,16,Cash
Beauty,grooming,Razor Blade,247.0,Expense,INR,2017,5,16,Saving Bank account 1
Food,Lunch,Non veg combo meal,234.0,Expense,INR,2017,5,16,Saving Bank account 1
Food,Tea,Unknown,5.0,Expense,INR,2017,5,16,Cash
subscription,Newspaper,March 210 + April 170,380.0,Expense,INR,2017,5,15,Saving Bank account 1
Food,Dinner,Veg cheese grill sandwich,100.0,Expense,INR,2017,5,15,Cash
Food,breakfast,Poha 25+ tea 10,35.0,Expense,INR,2017,5,15,Saving Bank account 1
Household,Kirana,Shev bhaji sev,50.0,Expense,INR,2017,5,14,Saving Bank account 1
Food,Lunch,Non veg overloaded pizza,242.0,Expense,INR,2017,5,14,Saving Bank account 1
Food,Dinner,Non veg overloaded pizza,242.0,Expense,INR,2017,5,13,Saving Bank account 1
Food,Tea,Unknown,10.0,Expense,INR,2017,5,13,Cash
Food,Lunch,4 chapati,20.0,Expense,INR,2017,5,13,Saving Bank account 1
Food,Tea,Unknown,5.0,Expense,INR,2017,5,13,Cash
Food,breakfast,Medu vada 1 plate,35.0,Expense,INR,2017,5,13,Saving Bank account 1
Food,Ice cream,chocobar,10.0,Expense,INR,2017,4,30,Saving Bank account 1
Salary,Unknown,From workplace ,56957.0,Income,INR,2017,4,30,Saving Bank account 1
Transportation,auto,2 Place 0 to Current Residence,30.0,Expense,INR,2017,4,30,Cash
Food,fruits,6 bananas,25.0,Expense,INR,2017,4,30,Cash
Food,Dinner,Chicken lollypop 8 pcs,221.0,Expense,INR,2017,4,30,Saving Bank account 1
Food,snacks,2 Pani Puri+ 1 samosa chat,110.0,Expense,INR,2017,4,30,Cash
Food,Grocery,Chota bread,17.0,Expense,INR,2017,4,30,Saving Bank account 1
Food,Milk,milk 1lit ,64.0,Expense,INR,2017,4,30,Saving Bank account 1
Food,Ice cream,Cup of butterscotch (20) + chocobar (10),30.0,Expense,INR,2017,4,28,Saving Bank account 1
subscription,Netflix,1 month subscription,149.0,Expense,INR,2017,4,28,Saving Bank account 1
Food,Milk,milk 1lit ,64.0,Expense,INR,2017,4,27,Saving Bank account 1
Gift,Unknown,farewell contribution,385.0,Expense,INR,2017,4,26,Saving Bank account 1
Food,snacks,2 kachori,24.0,Expense,INR,2017,4,25,Saving Bank account 1
Transportation,auto,Place 6 station to college,10.0,Expense,INR,2017,4,25,Cash
Transportation,Train,2 Place 0 to Place 6 return,20.0,Expense,INR,2017,4,25,Cash
Transportation,auto,2 Current Residence to Place 0,30.0,Expense,INR,2017,4,25,Cash
Food,Milk,milk 1lit ,64.0,Expense,INR,2017,4,25,Saving Bank account 1
Other,Unknown,Family's Wristwatch repair,170.0,Expense,INR,2017,4,24,Saving Bank account 1
Food,vegetables,Ladyfinger pav kg,15.0,Expense,INR,2017,4,23,Saving Bank account 1
Food,snacks,2 Veg puff,40.0,Expense,INR,2017,4,23,Saving Bank account 1
Food,beverage,sugarcane juice,20.0,Expense,INR,2017,4,22,Saving Bank account 1
Transportation,Train,Place 0 to Vikhroli return,30.0,Expense,INR,2017,4,22,Saving Bank account 1
Food,Grocery,milk 1 lit (64) + paneer (75) + bread (30) + 6 eggs (36),205.0,Expense,INR,2017,4,22,Saving Bank account 1
Health,Medicine,Q-dee strip,40.0,Expense,INR,2017,4,21,Saving Bank account 1
Household,Kirana,Smart point,621.68,Expense,INR,2017,4,20,Saving Bank account 1
Food,Milk,milk 1lit ,64.0,Expense,INR,2017,4,20,Saving Bank account 1
Food,Ice cream,Raspberry dolly,20.0,Expense,INR,2017,4,18,Saving Bank account 1
Food,Milk,milk 1lit ,64.0,Expense,INR,2017,4,18,Saving Bank account 1
Food,Dinner,"The X restaurant, Place 1",1076.0,Expense,INR,2017,4,17,Saving Bank account 1
Family,clothes,H&M clothes,1497.0,Expense,INR,2017,4,17,Saving Bank account 1
subscription,Tata Sky,Unknown,192.0,Expense,INR,2017,4,16,Saving Bank account 1
Family,Pocket money,Unknown,5000.0,Expense,INR,2017,4,14,Saving Bank account 1
Salary,Unknown,From workplace ,56102.0,Income,INR,2017,3,31,Saving Bank account 1
Transportation,Train,2 Place 0 to dadar return,60.0,Expense,INR,2017,3,31,Cash
Transportation,Taxi,siddhivinayak to shiv sena bhavan,30.0,Expense,INR,2017,3,31,Cash
Transportation,Taxi,Dadar West to siddhivinayak,30.0,Expense,INR,2017,3,31,Cash
Food,Lunch,( pav bhaji + 2 extra pav + sabudana khichdi + kothimbir vada + masala bhat + piyush ),495.0,Expense,INR,2017,3,31,Cash
Transportation,auto,Place 4 station to Place 4 plaza,15.0,Expense,INR,2017,3,31,Cash
Household,Hardware,Laptop repair (servicing+ 2gb ram upgrade + fan replacement + antivirus),2500.0,Expense,INR,2017,3,31,Cash
Transportation,auto,Place 0 to Current Residence,15.0,Expense,INR,2017,3,31,Cash
Transportation,auto,2 Current Residence to Place 0,30.0,Expense,INR,2017,3,31,Cash
Interest,Unknown,interest paid,508.0,Income,INR,2017,3,30,Saving Bank account 1
Household,Kirana,Unknown,245.0,Expense,INR,2017,3,30,Saving Bank account 1
Food,beverage,Soda water,12.0,Expense,INR,2017,3,28,Cash
Household,Appliances,USB cord,260.0,Expense,INR,2017,3,27,Saving Bank account 1
Food,Milk,milk 1lit ,60.0,Expense,INR,2017,3,27,Saving Bank account 1
Household,Kirana,Smart,786.0,Expense,INR,2017,3,26,Saving Bank account 1
Food,Milk,milk 1 lit,60.0,Expense,INR,2017,3,26,Saving Bank account 1
Food,Grocery,Dahi 2 packets,20.0,Expense,INR,2017,3,25,Cash
Gpay Reward,Unknown,reward Gpay,6.0,Income,INR,2017,3,25,Saving Bank account 1
Health,Medicine,Tablet,29.0,Expense,INR,2017,3,25,Saving Bank account 1
Health,Medicine,Jel,110.0,Expense,INR,2017,3,25,Saving Bank account 1
Transportation,Travels,Place 2 to Place 1,900.0,Expense,INR,2017,3,25,Saving Bank account 1
Health,Hospital,Doctor Fees,150.0,Expense,INR,2017,3,25,Cash
Food,Milk,milk 1 lit,60.0,Expense,INR,2017,3,25,Cash
Family,Pocket money,Unknown,3000.0,Expense,INR,2017,3,23,Saving Bank account 1
Food,beverage,3 sugarcane juice,60.0,Expense,INR,2017,3,23,Saving Bank account 1
Other,Unknown,Fifa 21 pc,1499.0,Expense,INR,2017,3,23,Saving Bank account 1
Transportation,auto,2 Place 0 to Current Residence,20.0,Expense,INR,2017,3,22,Cash
Transportation,auto,Unknown,50.0,Expense,INR,2017,3,22,Cash
Household,Furniture,Mattress advance,500.0,Expense,INR,2017,3,22,Cash
Transportation,auto,within city,33.0,Expense,INR,2017,3,22,Cash
Transportation,Bus,2 Place 6 to Place 7,18.0,Expense,INR,2017,3,22,Cash
Transportation,Train,2 Place 0 to WS returns,20.0,Expense,INR,2017,3,22,Cash
Transportation,auto,2 Current Residence to Place 0,30.0,Expense,INR,2017,3,22,Cash
Transportation,Travels,Place 6 to Place 2,600.0,Expense,INR,2017,3,22,Saving Bank account 1
Household,Appliances,2 Spike guard,450.0,Expense,INR,2017,3,20,Saving Bank account 1
subscription,Mobile Service Provider,Mobile Service Provider freedom pack,296.0,Expense,INR,2017,3,19,Saving Bank account 1
Food,snacks,2 samosa (32) + 25 Pani Puri,57.0,Expense,INR,2017,3,18,Cash
Food,Grocery,Unknown,160.0,Expense,INR,2017,3,18,Saving Bank account 1
Food,fruits,Grapes + apple + guava,310.0,Expense,INR,2017,3,18,Cash
Other,Unknown,scrap,70.0,Income,INR,2017,3,16,Cash
subscription,Wifi Internet Service,6 months ( 30mb UL plan + 1 month free),2820.0,Expense,INR,2017,3,16,Saving Bank account 1
Household,Kitchen,drainage powder,50.0,Expense,INR,2017,3,15,Cash
Household,Kirana,2 toast+ 2 parle g + Marie gold,111.0,Expense,INR,2017,3,15,Cash
Food,Ice cream,2 softy,40.0,Expense,INR,2017,3,15,Cash
Household,Hardware,2 bath stool,300.0,Expense,INR,2017,3,14,Cash
Food,Grocery,Unknown,100.0,Expense,INR,2017,3,13,Cash
Household,Hardware,Wall hanging clipboard,400.0,Expense,INR,2017,3,13,Cash
Beauty,grooming,hair cut,100.0,Expense,INR,2017,3,13,Cash
Household,Hardware,ceiling fans repair,1600.0,Expense,INR,2017,3,13,Cash
Transportation,Taxi,within city,40.0,Expense,INR,2017,2,28,Cash
Salary,Unknown,From workplace ,56021.0,Income,INR,2017,2,28,Saving Bank account 1
Food,Grocery,sabudana + rajgira ladu,85.0,Expense,INR,2017,2,28,Cash
Transportation,auto,Place 0 to Current Residence,30.0,Expense,INR,2017,2,28,Cash
Transportation,Train,2 Place 3m to vadala rd,10.0,Expense,INR,2017,2,28,Cash
Transportation,Bus,BEST 138 - Marine drive to Place 3m,12.0,Expense,INR,2017,2,28,Cash
Food,Tea,Unknown,10.0,Expense,INR,2017,2,28,Cash
Other,Unknown,fine,400.0,Expense,INR,2017,2,28,Cash
Food,Dinner,At restaurant,2421.0,Expense,INR,2017,2,28,Saving Bank account 1
Transportation,Train,2 Santacruz to churchgate,20.0,Expense,INR,2017,2,28,Cash
Food,breakfast,sugarcane juice 2,30.0,Expense,INR,2017,2,28,Cash
Transportation,auto,share auto - mumbai University Kalina to Santacruz station,40.0,Expense,INR,2017,2,28,Cash
Transportation,auto,Current Residence to Place 0,30.0,Expense,INR,2017,2,28,Cash
Transportation,Train,2 Santacruz return,80.0,Expense,INR,2017,2,28,Cash
Transportation,auto,Santacruz to Kalina University,57.0,Expense,INR,2017,2,28,Cash
Transportation,Train,2 TB return,40.0,Expense,INR,2017,2,27,Cash
Transportation,auto,Place 0 to Current Residence,30.0,Expense,INR,2017,2,27,Cash
Transportation,auto,Current Residence to Place 0,30.0,Expense,INR,2017,2,27,Cash
Food,Lunch,6 chapati(8 rs) + half rice,88.0,Expense,INR,2017,2,27,Saving Bank account 1
Household,Appliances,3 Wall clock cell,55.0,Expense,INR,2017,2,27,Cash
Food,Milk,milk 1lit  + amul butter milk,76.0,Expense,INR,2017,2,27,Saving Bank account 1
Transportation,Train,Place 0 to WS returns,20.0,Expense,INR,2017,2,26,Cash
Transportation,auto,Current Residence to Place 0,30.0,Expense,INR,2017,2,26,Cash
Household,Kirana,Unknown,846.0,Expense,INR,2017,2,26,Saving Bank account 1
Household,Kitchen,dustbin + basin sink cover,360.0,Expense,INR,2017,2,26,Cash
Food,snacks,2 Jumbo king burger,58.0,Expense,INR,2017,2,26,Saving Bank account 1
Household,Appliances,exide inverter battery 150amp,8500.0,Expense,INR,2017,2,25,Saving Bank account 1
Household,Appliances,tube and inverter fitting,1600.0,Expense,INR,2017,2,25,Cash
Household,Kitchen,hp cylinder,920.0,Expense,INR,2017,2,25,Cash
Food,Dinner,veg paneer tikka 4 roti,318.0,Expense,INR,2017,2,25,Saving Bank account 1
subscription,Tata Sky,Unknown,100.0,Expense,INR,2017,2,25,Saving Bank account 1
Food,Lunch,veg triple Schwan fried rice,247.0,Expense,INR,2017,2,25,Saving Bank account 1
Food,Grocery,milk 1 lit + butter milk,75.0,Expense,INR,2017,2,24,Cash
Food,Tea,3 tea yevle amrutullya,30.0,Expense,INR,2017,2,24,Cash
Food,Lunch,At restaurant,100.0,Expense,INR,2017,2,24,Cash
Food,Ice cream,2 vanilla + 2 butterscotch,80.0,Expense,INR,2017,2,23,Cash
Education,Stationary,stamp pad,30.0,Expense,INR,2017,2,22,Cash
Transportation,Taxi,Place 2 to Place 1,5500.0,Expense,INR,2017,2,22,Saving Bank account 1
Food,snacks,pav vada,10.0,Expense,INR,2017,2,21,Cash
Money transfer,Unknown,To Family,23.0,Expense,INR,2017,2,19,Cash
Food,beverage,sugarcane juice 2,30.0,Expense,INR,2017,2,19,Cash
Education,Stationary,laminated colour print out,25.0,Expense,INR,2017,2,19,Cash
Apparel,Clothing,undergarments pair of Jockey,498.0,Expense,INR,2017,2,19,Saving Bank account 1
Family,Pocket money,Unknown,500.0,Expense,INR,2017,2,18,Cash
subscription,Mobile Service Provider,Mobile Service Provider recharge wfh,301.0,Expense,INR,2017,2,18,Saving Bank account 1
Gift,Unknown,farewell contribution,400.0,Expense,INR,2017,2,16,Saving Bank account 1
subscription,Mobile Service Provider,Mobile Service Provider recharge wfh,301.0,Expense,INR,2017,2,13,Saving Bank account 1
Salary,Unknown,From workplace ,63101.0,Income,INR,2017,1,31,Saving Bank account 1
Food,Milk,half liter buffalo,35.0,Expense,INR,2017,1,31,Saving Bank account 1
Food,Milk,half liter buffalo,35.0,Expense,INR,2017,1,30,Saving Bank account 1
Food,snacks,single pav vada,15.0,Expense,INR,2017,1,30,Cash
Food,Dinner,3 parathe ( 80 mix veg + 70 methi + 100 paneer aloo),250.0,Expense,INR,2017,1,29,Cash
Food,snacks,cheese chilli toast sandwich 1,60.0,Expense,INR,2017,1,29,Cash
Food,snacks,2 Shegaon kachori (nasik),30.0,Expense,INR,2017,1,29,Cash
Food,breakfast,brown bread,35.0,Expense,INR,2017,1,29,Saving Bank account 1
Food,Milk,half liter buffalo,35.0,Expense,INR,2017,1,29,Cash
Transportation,auto,within city,30.0,Expense,INR,2017,1,29,Cash
Transportation,Bus,2 tickets Place 2 to N,510.0,Expense,INR,2017,1,29,Cash
Transportation,auto,within city,30.0,Expense,INR,2017,1,29,Cash
subscription,Tata Sky,Unknown,181.0,Expense,INR,2017,1,23,Saving Bank account 1
Gift,Unknown,Birthday gift,649.0,Expense,INR,2017,1,23,Saving Bank account 1
Family,Pocket money,Unknown,2000.0,Expense,INR,2017,1,22,Saving Bank account 1
Food,Grocery,Unknown,410.0,Expense,INR,2017,1,22,Cash
subscription,Mobile Service Provider,Mobile Service Provider recharge,149.0,Expense,INR,2017,1,21,Saving Bank account 1
subscription,Mobile Service Provider,Mobile Service Provider recharge wfh,301.0,Expense,INR,2017,1,20,Saving Bank account 1
Food,snacks,2 Bombay vada pav,20.0,Expense,INR,2017,1,19,Cash
Family,medicine,syrup,145.0,Expense,INR,2017,1,19,Saving Bank account 1
Transportation,auto,GHroad to Permanent Residence,40.0,Expense,INR,2017,1,16,Cash
Household,Furniture,chair pair,2400.0,Expense,INR,2017,1,16,Saving Bank account 1
Other,Unknown,adhar pvc card order,50.0,Expense,INR,2017,1,16,Saving Bank account 1
Food,Grocery,chole + shev,140.0,Expense,INR,2017,1,15,Cash
Food,Grocery,fruits and vegetables + kirana,540.0,Expense,INR,2017,1,15,Cash
Food,Grocery,milk + butter + biscuits/toast,77.0,Expense,INR,2016,12,31,Saving Bank account 1
Food,Dinner,1 chicken shawarma + 1 chicken lollipop - 1 veg cheese burger,375.0,Expense,INR,2016,12,31,Saving Bank account 1
Food,snacks,1 Panipuri,25.0,Expense,INR,2016,12,31,Cash
Gift,Unknown,Birthday gift,1096.0,Expense,INR,2016,12,31,Saving Bank account 1
Health,Medicine,strepsils 1 strip,24.0,Expense,INR,2016,12,31,Saving Bank account 1
Food,Lunch,veg fried rice,170.0,Expense,INR,2016,12,31,Saving Bank account 1
Salary,Unknown,From workplace ,56574.0,Income,INR,2016,12,31,Saving Bank account 1
subscription,Edtech Course,EMI 1,2816.0,Expense,INR,2016,12,31,Cash
Food,Grocery,edible oil,160.0,Expense,INR,2016,12,31,Saving Bank account 1
Transportation,auto,Permanent Residence to bus stand,100.0,Expense,INR,2016,12,30,Cash
Other,Unknown,xerox,25.0,Expense,INR,2016,12,29,Cash
Food,snacks,2 chips packets,10.0,Expense,INR,2016,12,29,Cash
Food,flour mill,1 sher bajri 1 kg dadar 1 kg makka,14.0,Expense,INR,2016,12,29,Cash
subscription,Tata Sky,Unknown,214.0,Expense,INR,2016,12,29,Saving Bank account 1
Transportation,train,LTT to Place 2 (Patna Exp) cancellation,403.0,Expense,INR,2016,12,29,Saving Bank account 1
Gift,Unknown,Nokia 215 mobile for Aai,3195.0,Expense,INR,2016,12,29,Saving Bank account 1
Food,Grocery,Monaco biscuits,10.0,Expense,INR,2016,12,28,Cash
Other,Unknown,specs,1780.0,Expense,INR,2016,12,28,Saving Bank account 1
subscription,Mobile Service Provider,Mobile Service Provider recharge wfh,301.0,Expense,INR,2016,12,25,Saving Bank account 1
Gift,Unknown,farewell contribution,285.0,Expense,INR,2016,12,22,Saving Bank account 1
Transportation,train,Place 5 to Place 1 sevagram,11.8,Expense,INR,2016,12,22,Saving Bank account 1
Family,clothes,sweater,1874.0,Expense,INR,2016,12,21,Saving Bank account 1
Transportation,train,LTT to Place 2 cancellation,251.8,Expense,INR,2016,12,21,Saving Bank account 1
Transportation,Travels,Place 2 to Place 1 - Novelty tour and travels,1900.0,Expense,INR,2016,12,21,Saving Bank account 1
Food,snacks,2 dabeli,30.0,Expense,INR,2016,12,19,Cash
Household,Toiletries,sensitive toothbrush,49.0,Expense,INR,2016,12,19,Saving Bank account 1
Food,snacks,chips 1 Kurkure (19) 1 lays (10),29.0,Expense,INR,2016,12,19,Cash
Food,fruits,1 kg mosambi 1 kg apple,170.0,Expense,INR,2016,12,19,Cash
Bonus,Unknown,reward Gpay,5.0,Income,INR,2016,12,18,Saving Bank account 1
Family,Pocket money,Unknown,2000.0,Expense,INR,2016,12,18,Saving Bank account 1
Bonus,Unknown,reward Gpay,11.0,Income,INR,2016,12,17,Saving Bank account 1
subscription,Mobile Service Provider,Mobile Service Provider recharge wfh,301.0,Expense,INR,2016,12,17,Saving Bank account 1
Food,vegetables,Unknown,200.0,Expense,INR,2016,12,14,Cash
Other,Unknown,kalnirnay calender,35.0,Expense,INR,2016,12,13,Cash
Household,Toiletries,oralB toothbrush with cap,25.0,Expense,INR,2016,12,13,Cash
Gift,Unknown,farewell contribution,350.0,Expense,INR,2016,12,13,Saving Bank account 1
Family,clothes,leggings,500.0,Expense,INR,2016,11,30,Saving Bank account 1
Salary,Unknown,From workplace ,56586.0,Income,INR,2016,11,30,Saving Bank account 1
Bonus,Unknown,reward Gpay,5.0,Income,INR,2016,11,30,Saving Bank account 1
subscription,Mobile Service Provider,Mobile Service Provider recharge wfh,251.0,Expense,INR,2016,11,30,Saving Bank account 1
subscription,Mobile Service Provider,mobile recharge sim 2,98.0,Expense,INR,2016,11,30,Saving Bank account 1
Family,misc,Himalaya shampoo,60.0,Expense,INR,2016,11,29,Cash
Household,Appliances,Metz 32 inch TV,20500.0,Expense,INR,2016,11,28,Saving Bank account 1
Other,Unknown,flour mill,8.0,Expense,INR,2016,11,28,Cash
Food,Ice cream,mava 1 large,20.0,Expense,INR,2016,11,28,Cash
Bonus,Unknown,reward Gpay,5.0,Income,INR,2016,11,25,Saving Bank account 1
subscription,Mobile Service Provider,Mobile Service Provider recharge wfh,251.0,Expense,INR,2016,11,25,Saving Bank account 1
Transportation,auto,within city,50.0,Expense,INR,2016,11,21,Cash
Health,Medicine,strepsils,15.0,Expense,INR,2016,11,21,Cash
Transportation,auto,within city,70.0,Expense,INR,2016,11,21,Cash
Transportation,auto,Locality V to Permanent Residence,50.0,Expense,INR,2016,11,20,Cash
Food,chocolate,poppins,2.0,Expense,INR,2016,11,19,Cash
Food,Eating out,"3 parathe , 1 Hara bhara kabab, 1 rabdi malai, 1 masala papad, 1 pepsi",1087.0,Expense,INR,2016,11,19,Saving Bank account 1
Transportation,auto,within city,50.0,Expense,INR,2016,11,19,Cash
Food,Water,two water bottles,40.0,Expense,INR,2016,11,19,Cash
Other,Unknown,Sayaji baug express (50/adult),100.0,Expense,INR,2016,11,19,Cash
Transportation,auto,ola auto - BRC ,40.0,Expense,INR,2016,11,19,Cash
Transportation,Bus,Place T to brc,94.0,Expense,INR,2016,11,19,Cash
Transportation,Taxi,share jeep - Place T top to base (50/person),100.0,Expense,INR,2016,11,19,Cash
Food,beverage,lemon juice ( 20/person),40.0,Expense,INR,2016,11,19,Cash
Other,Unknown,"Puja saman (150 for 5 Nariyal, 400 for 1kg sweets and 190 for rest)",740.0,Expense,INR,2016,11,19,Cash
Transportation,ropeway,ropeway Place T to and fro (169/person),338.0,Expense,INR,2016,11,19,Cash
Transportation,Taxi,share jeep - Place T base to top (50/person),100.0,Expense,INR,2016,11,19,Cash
Transportation,auto,share auto - Place H to Place T base (20/person),40.0,Expense,INR,2016,11,19,Cash
Transportation,Bus,bus - brc to Place H ( 27/person),54.0,Expense,INR,2016,11,19,Cash
Transportation,auto,within city,80.0,Expense,INR,2016,11,19,Cash
Food,snacks,single pav vada,10.0,Expense,INR,2016,11,17,Cash
Food,Grocery,lemons,20.0,Expense,INR,2016,11,15,Cash
Other,Unknown,flowers,10.0,Expense,INR,2016,11,15,Cash
Food,fruits,apple + mosambi 1kg each,180.0,Expense,INR,2016,11,15,Cash
Transportation,Travels,Veer Travels - BRC to Place 2 ( 2 Adults),1800.0,Expense,INR,2016,11,14,Saving Bank account 1
Transportation,Travels,Kabra Travels - Place 2 to BRC (2 Adults),4662.0,Expense,INR,2016,11,14,Saving Bank account 1
Festivals,Diwali,Mi band 5 ( Bhaiduj gift),1999.0,Expense,INR,2016,10,31,Saving Bank account 1
Salary,Unknown,From workplace ,56647.0,Income,INR,2016,10,30,Saving Bank account 1
Health,Medicine,syrup+tablet+ mortein refill,221.0,Expense,INR,2016,10,28,Saving Bank account 1
Transportation,auto,Permanent Residence to pathology,40.0,Expense,INR,2016,10,28,Cash
subscription,Mobile Service Provider,Unknown,251.0,Expense,INR,2016,10,27,Saving Bank account 1
Family,gift,Undated Planner - June shop,1119.2,Expense,INR,2016,10,27,Saving Bank account 1
Food,Grocery,mehndi,25.0,Expense,INR,2016,10,27,Cash
Food,fruits,apple + mosambi 1kg each,170.0,Expense,INR,2016,10,27,Cash
Health,Medicine,Unknown,617.0,Expense,INR,2016,10,26,Saving Bank account 1
Food,snacks,egg roll,25.0,Expense,INR,2016,10,25,Cash
Food,Grocery,popcorn+mehndi+mosambi+orange+all out refill,320.0,Expense,INR,2016,10,24,Cash
Food,Grocery,Khari,35.0,Expense,INR,2016,10,22,Cash
Food,Eating out,pav vada,20.0,Expense,INR,2016,10,22,Cash
Food,Grocery,butter + paneer + pav+batate+tamate,215.0,Expense,INR,2016,10,17,Cash
Food,Grocery,Unknown,430.0,Expense,INR,2016,10,15,Saving Bank account 1
Food,Grocery,sugar + biscuits,120.0,Expense,INR,2016,10,14,Saving Bank account 1
Family,misc,scratch guard ipad,249.0,Expense,INR,2016,10,13,Saving Bank account 1
Interest,Unknown,interest paid,835.0,Income,INR,2016,9,30,Saving Bank account 1
Salary,Unknown,From workplace ,58058.0,Income,INR,2016,9,30,Saving Bank account 1
Other,Unknown,flour mill,32.0,Expense,INR,2016,9,28,Cash
Food,Milk,Unknown,33.0,Expense,INR,2016,9,19,Cash
Food,Grocery,chocobar+milk+chips,95.0,Expense,INR,2016,9,15,Cash
subscription,Mobile Service Provider,Unknown,251.0,Expense,INR,2016,9,14,Saving Bank account 1
Family,gift,baggit purse,437.0,Expense,INR,2016,9,14,Saving Bank account 1
Food,snacks,brownie,70.0,Expense,INR,2016,9,13,Cash
Food,Eating out,riverdine date,845.0,Expense,INR,2016,9,13,Saving Bank account 1
Salary,Unknown,From workplace ,63894.0,Income,INR,2016,8,31,Saving Bank account 1
Festivals,Ganesh Pujan,Ganesh idol,361.0,Expense,INR,2016,8,29,Cash
Household,Kitchen,boric powder,40.0,Expense,INR,2016,8,29,Cash
Household,Toiletries,lizol,98.0,Expense,INR,2016,8,29,Saving Bank account 1
Festivals,Rakshabandhan,rakshabandhan ovalni ,500.0,Expense,INR,2016,8,24,Saving Bank account 1
Family,Pocket money,Unknown,2000.0,Expense,INR,2016,8,23,Saving Bank account 1
Festivals,Rakshabandhan,rakshabandhan ovalni ,500.0,Expense,INR,2016,8,22,Saving Bank account 1
Other,Unknown,earphones,100.0,Expense,INR,2016,8,21,Cash
subscription,Mobile Service Provider,Unknown,251.0,Expense,INR,2016,8,18,Saving Bank account 1
Other,Unknown,pens,5.0,Expense,INR,2016,8,14,Cash
Grooming,Saloon,hair cut,100.0,Expense,INR,2016,8,14,Cash
Salary,Unknown,From workplace ,51556.0,Income,INR,2016,7,31,Saving Bank account 1
Other,Unknown,frame for specs,250.0,Expense,INR,2016,7,31,Cash
subscription,Mobile Service Provider,Unknown,251.0,Expense,INR,2016,7,25,Saving Bank account 1
subscription,Mobile Service Provider,Unknown,251.0,Expense,INR,2016,7,21,Saving Bank account 1
subscription,Mobile Service Provider,Mobile Service Provider recharge 365 days,2599.0,Expense,INR,2016,7,20,Saving Bank account 1
Health,Medicine,citrizen + crocine,10.0,Expense,INR,2016,7,13,Cash
Interest,Unknown,interest paid,740.0,Income,INR,2016,6,30,Saving Bank account 1
Other,Unknown,pan card application,106.9,Expense,INR,2016,6,30,Saving Bank account 1
Salary,Unknown,From workplace ,51544.0,Income,INR,2016,6,30,Saving Bank account 1
Transportation,Travels,Chalisgaon to Baroda return,3200.0,Expense,INR,2016,6,27,Saving Bank account 1
subscription,Mobile Service Provider,Unknown,251.0,Expense,INR,2016,6,27,Saving Bank account 1
subscription,Amazon Prime,Amazon prime subscription,995.0,Expense,INR,2016,6,23,Saving Bank account 1
subscription,Mobile Service Provider,Mobile Service Provider sim card porting,350.0,Expense,INR,2016,6,22,Saving Bank account 1
Food,snacks,icecream,140.0,Expense,INR,2016,6,20,Saving Bank account 1
Food,Grocery,grocery,600.0,Expense,INR,2016,6,19,Saving Bank account 1
Family,exam fee,Family exam form,905.0,Expense,INR,2016,6,19,Saving Bank account 1
Other,Unknown,flour mill,38.0,Expense,INR,2016,6,18,Cash
Salary,Unknown,From workplace ,51556.0,Income,INR,2016,5,31,Saving Bank account 1
Transportation,auto,Permanent Residence to LB road,50.0,Expense,INR,2016,5,31,Saving Bank account 1
subscription,Mobile Service Provider,Unknown,251.0,Expense,INR,2016,5,30,Saving Bank account 1
Food,Grocery,sanitary napkins+chocolates+Maggie+khajoor,504.0,Expense,INR,2016,5,29,Saving Bank account 1
Grooming,Saloon,hair cut+shaving,120.0,Expense,INR,2016,5,22,Saving Bank account 1
Transportation,auto,Permanent Residence to nearby hospital,40.0,Expense,INR,2016,5,22,Cash
Food,Grocery,agarbatti + icecream pack,180.0,Expense,INR,2016,5,19,Saving Bank account 1
Investment,LIC,Life Insurance,11286.0,Expense,INR,2016,5,17,Saving Bank account 1
Other,Unknown,Aadhar mobile number and email id updated,100.0,Expense,INR,2016,5,17,Cash
subscription,Mobile Service Provider,Unknown,251.0,Expense,INR,2016,5,16,Saving Bank account 1
Salary,Unknown,From workplace ,51562.45,Income,INR,2016,4,30,Saving Bank account 1
subscription,Hotstar,subscription,299.0,Expense,INR,2016,4,28,Saving Bank account 1
Food,Grocery,dettol handwash + khari + toast + goodday,259.0,Expense,INR,2016,4,26,Saving Bank account 1
subscription,Kindle unlimited,kindle unlimited,169.0,Expense,INR,2016,4,24,Saving Bank account 1
subscription,Mobile Service Provider,Unknown,251.0,Expense,INR,2016,4,20,Saving Bank account 1
Household,Toiletries,sensodyne toothbrush,50.0,Expense,INR,2016,4,16,Cash
subscription,Mobile Service Provider,Unknown,251.0,Expense,INR,2016,4,15,Saving Bank account 1
Salary,Unknown,From workplace ,70806.0,Income,INR,2016,3,31,Saving Bank account 1
Other,Unknown,owalni,100.0,Expense,INR,2016,3,29,Cash
Other,Unknown,hit spray(99)+biscuits+mask,159.0,Expense,INR,2016,3,28,Saving Bank account 1
subscription,Kindle unlimited,kindle unlimited,169.0,Expense,INR,2016,3,22,Saving Bank account 1
subscription,Mobile Service Provider,Unknown,251.0,Expense,INR,2016,3,21,Saving Bank account 1
Food,Grocery,sambhar masala,35.0,Expense,INR,2016,3,20,Cash
Other,Unknown,print out,5.0,Expense,INR,2016,3,20,Cash
Gift,Unknown,Ganesh murthi,80.0,Expense,INR,2016,3,16,Saving Bank account 1
subscription,Mobile Service Provider,Mobile Service Provider recharge wfh,251.0,Expense,INR,2016,3,15,Saving Bank account 1
Food,snacks,biscuits,70.0,Expense,INR,2016,2,28,Saving Bank account 1
Grooming,Saloon,hair cut,100.0,Expense,INR,2016,2,28,Cash
Food,snacks, pedhe,100.0,Expense,INR,2016,2,28,Saving Bank account 1
Other,Unknown,flour mill,11.0,Expense,INR,2016,2,28,Cash
subscription,Mobile Service Provider,Mobile Service Provider recharge wfh,251.0,Expense,INR,2016,2,27,Saving Bank account 1
Other,Unknown,moscuito racket,250.0,Expense,INR,2016,2,27,Cash
Food,snacks, pedhe,50.0,Expense,INR,2016,2,27,Saving Bank account 1
Money transfer,Unknown,Unknown,10000.0,Expense,INR,2016,2,26,Saving Bank account 1
Salary,Unknown,From workplace ,49806.0,Income,INR,2016,2,26,Saving Bank account 1
subscription,Audible,audible subscription,199.0,Expense,INR,2016,2,24,Saving Bank account 1
Food,snacks,5star (2)+munch(2),40.0,Expense,INR,2016,2,22,Cash
subscription,Kindle unlimited,kindle unlimited,169.0,Expense,INR,2016,2,22,Saving Bank account 1
Food,Grocery,biscuits,85.0,Expense,INR,2016,2,20,Cash
Food,Grocery,bread (10)+Cadbury(10)+ cheese + myvaneese+pav bhaji masala,165.0,Expense,INR,2016,2,14,Cash
Transportation,auto,within city,40.0,Expense,INR,2016,2,13,Cash
Health,Health,hand gloves 4 pairs,80.0,Expense,INR,2016,2,13,Saving Bank account 1
Money transfer,Unknown,Unknown,10000.0,Expense,INR,2016,1,31,Saving Bank account 1
Salary,Unknown,From workplace ,49806.0,Income,INR,2016,1,31,Saving Bank account 1
subscription,Audible,audible subscription,199.0,Expense,INR,2016,1,26,Saving Bank account 1
subscription,Kindle unlimited,kindle unlimited,169.0,Expense,INR,2016,1,22,Saving Bank account 1
Other,Unknown,wedding gift,45000.0,Income,INR,2016,1,13,Saving Bank account 1
Food,Unknown,cake + balloon (150)+caps(50+40),540.0,Expense,INR,2015,12,31,Cash
Salary,Unknown,From workplace ,77335.0,Income,INR,2015,12,31,Saving Bank account 1
Food,Unknown,cake advance,100.0,Expense,INR,2015,12,30,Cash
Beauty,Makeup,hair cut+shaving+dye+facial,2000.0,Expense,INR,2015,12,30,Cash
Other,Unknown,flour mill,28.0,Expense,INR,2015,12,26,Cash
Other,Unknown,audible subscription,199.0,Expense,INR,2015,12,26,Saving Bank account 1
Apparel,Footwear,sliper,270.0,Expense,INR,2015,12,25,Saving Bank account 1
Household,Kitchen,dustbin bags,50.0,Expense,INR,2015,12,25,Cash
Other,Unknown,kindle unlimited,169.0,Expense,INR,2015,12,21,Saving Bank account 1
Gift,Unknown,secret Santa - diary,465.0,Expense,INR,2015,12,20,Saving Bank account 1
Food,Eggs,Unknown,80.0,Expense,INR,2015,12,19,Cash
Health,Medicine,hand sanitizer,220.0,Expense,INR,2015,12,19,Saving Bank account 1
Health,Medicine,eye drop maxmoist,235.0,Expense,INR,2015,12,19,Saving Bank account 1
Salary,Unknown,From workplace ,49806.0,Income,INR,2015,11,30,Saving Bank account 1
Transportation,auto,Unknown,50.0,Expense,INR,2015,11,29,Cash
Transportation,auto,Unknown,30.0,Expense,INR,2015,11,29,Cash
Transportation,auto,Unknown,40.0,Expense,INR,2015,11,29,Cash
Food,snacks,egg roll,25.0,Expense,INR,2015,11,27,Cash
Other,Unknown,audible subscription,199.0,Expense,INR,2015,11,26,Saving Bank account 1
Other,Unknown,Mobile Service Provider recharge wfh,251.0,Expense,INR,2015,11,21,Saving Bank account 1
Food,Eggs,1 dozen,84.0,Expense,INR,2015,11,21,Cash
Bonus,Unknown,Diwali gift,1500.0,Income,INR,2015,11,15,Saving Bank account 1
Other,Unknown,flowers (.5kg)+sweets (.25gm+10/-)+vegetables (1.5kg),310.0,Expense,INR,2015,11,14,Cash
Food,snacks,water bottle + khari sing,70.0,Expense,INR,2015,10,31,Cash
Transportation,auto,b45 to Pandya bridge,71.0,Expense,INR,2015,10,31,Cash
Food,Tea,Unknown,10.0,Expense,INR,2015,10,31,Cash
Salary,Unknown,From workplace ,49806.0,Income,INR,2015,10,31,Saving Bank account 1
Food,snacks,sweats,250.0,Expense,INR,2015,10,31,Cash
Health,Health,face mask,150.0,Expense,INR,2015,10,31,Cash
Transportation,auto,golden circle to b45,180.0,Expense,INR,2015,10,31,Cash
Beauty,grooming,hair cut,50.0,Expense,INR,2015,10,30,Cash
Transportation,auto,Permanent Residence to kacheri,30.0,Expense,INR,2015,10,30,Cash
Transportation,Bus,redbus - brc to Place 2,665.0,Expense,INR,2015,10,29,Saving Bank account 1
Gift,Unknown,to Family,1000.0,Expense,INR,2015,10,28,Saving Bank account 1
Transportation,Bus,Place 2 to brc travels,660.0,Expense,INR,2015,10,28,Cash
Other,Unknown,audible subscription,199.0,Expense,INR,2015,10,27,Saving Bank account 1
Household,Kitchen,Sapat Parivar Tea half kg,240.0,Expense,INR,2015,10,25,Cash
Household,Appliances,plumber,100.0,Expense,INR,2015,10,24,Cash
Transportation,auto,mandir to hospital,20.0,Expense,INR,2015,10,23,Cash
Other,Unknown,hanger clips,40.0,Expense,INR,2015,10,23,Cash
Other,Unknown,Mobile Service Provider recharge wfh,251.0,Expense,INR,2015,10,22,Saving Bank account 1
Other,Unknown,toll+petrol,500.0,Expense,INR,2015,10,21,Cash
Apparel,Clothing,belt + socs,1479.0,Expense,INR,2015,10,18,Saving Bank account 1
Transportation,Taxi,Ola - Place 1 to Place 5 to and fro,803.0,Expense,INR,2015,10,18,Saving Bank account 1
Money transfer,Unknown,Unknown,2000.0,Expense,INR,2015,10,18,Cash
Salary,Unknown,From workplace ,49806.0,Income,INR,2015,9,30,Saving Bank account 1
Other,Unknown,phone cover,100.0,Expense,INR,2015,9,30,Cash
Other,Unknown,Mobile Service Provider sim card,350.0,Expense,INR,2015,9,28,Cash
Health,Health,6 pairs of use and throw gloves,120.0,Expense,INR,2015,9,28,Cash
Health,Health,2 n95 masks,300.0,Expense,INR,2015,9,28,Cash
Other,Unknown,audible subscription,199.0,Expense,INR,2015,9,27,Saving Bank account 1
Other,Unknown,shoe polish,30.0,Expense,INR,2015,9,26,Cash
Other,Unknown,Mobile Service Provider fi router,2099.0,Expense,INR,2015,9,21,Saving Bank account 1
Salary,Unknown,From workplace ,49806.0,Income,INR,2015,8,31,Saving Bank account 1
Money transfer,Unknown,Unknown,10000.0,Expense,INR,2015,8,31,Saving Bank account 1
Other,Unknown,Screw driver kit,287.0,Expense,INR,2015,8,31,Saving Bank account 1
Other,Unknown,all out refill,72.0,Expense,INR,2015,8,30,Saving Bank account 1
Other,Unknown,audible subscription,199.0,Expense,INR,2015,8,28,Saving Bank account 1
Household,Kitchen,mixer Philips 7756,3499.0,Expense,INR,2015,8,14,Saving Bank account 1
Other,Unknown,internet renewal (3 months pack),1450.0,Expense,INR,2015,8,13,Saving Bank account 1
Salary,Unknown,From workplace ,47859.0,Income,INR,2015,7,31,Saving Bank account 1
Other,Unknown,audible subscription,199.0,Expense,INR,2015,7,29,Saving Bank account 1
Other,Unknown,Mobile Service Provider recharge 365 days,2599.0,Expense,INR,2015,7,19,Saving Bank account 1
Salary,Unknown,From workplace ,47859.0,Income,INR,2015,6,30,Saving Bank account 1
Other,Unknown,Amazon prime,199.0,Expense,INR,2015,6,29,Saving Bank account 1
Other,Unknown,Amazon prime,999.0,Expense,INR,2015,6,23,Saving Bank account 1
Household,Appliances,electricity bill,2671.0,Expense,INR,2015,5,31,Saving Bank account 1
Salary,Unknown,From workplace ,47859.0,Income,INR,2015,5,31,Saving Bank account 1
Money transfer,Unknown,Unknown,10000.0,Expense,INR,2015,5,31,Saving Bank account 1
Transportation,Taxi,BR to mumbai,6000.0,Expense,INR,2015,5,17,Saving Bank account 1
Other,Unknown,splitwise settlement,607.0,Expense,INR,2015,5,16,Saving Bank account 1
Food,fruits,bananas 1 kg,20.0,Expense,INR,2015,5,16,Cash
Food,Milk,milk half shakti,26.0,Expense,INR,2015,5,16,Saving Bank account 1
Food,Milk,milk half shakti,26.0,Expense,INR,2015,5,15,Saving Bank account 1
Other,Unknown,internet renewal (3 months pack),1450.0,Expense,INR,2015,5,14,Saving Bank account 1
Health,Health,N95 mask,250.0,Expense,INR,2015,5,13,Cash
Food,Milk,milk half shakti,26.0,Expense,INR,2015,5,13,Saving Bank account 1
Salary,Unknown,From workplace ,49306.0,Income,INR,2015,4,28,Saving Bank account 1
Food,Milk,milk half gold,28.0,Expense,INR,2015,4,28,Cash
Other,Unknown,stationary (drawing book + black sketch pen),59.0,Expense,INR,2015,4,26,Cash
Food,Grocery,eggs + bread,110.0,Expense,INR,2015,4,26,Saving Bank account 1
Food,Dinner,srikhand,114.0,Expense,INR,2015,4,26,Saving Bank account 1
Food,Grocery,snacks + veggie,420.0,Expense,INR,2015,4,24,Saving Bank account 1
Food,Milk,milk half gold,56.0,Expense,INR,2015,4,23,Cash
Other,Unknown,hair oil,180.0,Expense,INR,2015,4,18,Saving Bank account 1
Food,Grocery,snacks,324.0,Expense,INR,2015,4,18,Saving Bank account 1
Other,Unknown,covid19 donation to PM fund,500.0,Expense,INR,2015,4,14,Saving Bank account 1
Investment,Mutual fund, mutual fund,1000.0,Expense,INR,2015,4,13,Saving Bank account 1
Recurring Deposit,Unknown,Unknown,1000.0,Expense,INR,2015,4,13,Saving Bank account 1
Salary,Unknown,From workplace ,70806.0,Income,INR,2015,3,31,Saving Bank account 1
Health,Medicine,kala hit,269.0,Expense,INR,2015,3,29,Cash
Food,Grocery,Unknown,150.0,Expense,INR,2015,3,29,Cash
water (jar /tanker),Unknown,Unknown,20.0,Expense,INR,2015,3,25,Cash
Food,Milk,Unknown,26.0,Expense,INR,2015,3,24,Cash
Food,Grocery,Unknown,433.8,Expense,INR,2015,3,23,Credit Card
water (jar /tanker),Unknown,refilling,20.0,Expense,INR,2015,3,23,Cash
Apparel,Laundry,dry cleaning,100.0,Expense,INR,2015,3,20,Cash
Health,Hospital,dentist check-up,3700.0,Expense,INR,2015,3,20,Credit Card
Household,Kitchen,cooker ring,50.0,Expense,INR,2015,3,19,Cash
Food,snacks,samosa+tea+veg cheese grill sandwich,53.0,Expense,INR,2015,3,18,Cash
Food,Lunch,dal fry and chapati,25.0,Expense,INR,2015,3,18,Cash
Food,breakfast,aloo paratha,20.0,Expense,INR,2015,3,18,Cash
Food,Milk,Unknown,26.0,Expense,INR,2015,3,18,Cash
Other,Unknown,laptop repair,450.0,Expense,INR,2015,3,17,Cash
Health,Hospital,dentist check-up,1000.0,Expense,INR,2015,3,16,Cash
Food,Tea,Unknown,20.0,Expense,INR,2015,3,16,Cash
Apparel,Clothing,altering,30.0,Expense,INR,2015,3,15,Cash
Food,Milk,shakti + bread,36.0,Expense,INR,2015,3,15,Cash
Other,Unknown,cycle air pumping,5.0,Expense,INR,2015,3,15,Cash
Apparel,Laundry,ironing,40.0,Expense,INR,2015,3,14,Cash
Food,Milk,Unknown,26.0,Expense,INR,2015,3,14,Cash
Transportation,auto,to office,10.0,Expense,INR,2015,3,13,Cash
Salary,Unknown,From workplace ,49806.0,Income,INR,2015,2,28,Saving Bank account 1
Food,Milk,Unknown,26.0,Expense,INR,2015,2,28,Cash
Food,Lunch,chicken thali,55.0,Expense,INR,2015,2,28,Cash
Food,Tea,Unknown,20.0,Expense,INR,2015,2,28,Cash
Food,Tea,Unknown,6.0,Expense,INR,2015,2,26,Cash
Transportation,auto,office to vasna road,60.0,Expense,INR,2015,2,26,Cash
Food,Grocery,eggs,30.0,Expense,INR,2015,2,26,Cash
Food,Milk,Unknown,26.0,Expense,INR,2015,2,26,Cash
Food,Grocery,vegetable,160.0,Expense,INR,2015,2,24,Cash
Transportation,auto,ola auto - BRC to b45,66.0,Expense,INR,2015,2,24,Cash
Food,Tea,Unknown,10.0,Expense,INR,2015,2,24,Cash
Transportation,auto,Bandra to Bandra terminus,20.0,Expense,INR,2015,2,23,Cash
Transportation,Train,Place 0 to Bandra,20.0,Expense,INR,2015,2,23,Cash
Apparel,Footwear,shoe polish,20.0,Expense,INR,2015,2,23,Cash
Transportation,train,to and fro Mum to BRC,526.0,Expense,INR,2015,2,23,Credit Card
Other,Unknown,splitwise settlement,4118.0,Expense,INR,2015,2,23,Saving Bank account 1
Health,Health,face mask,45.0,Expense,INR,2015,2,19,Cash
Health,Medicine,koflet,34.0,Expense,INR,2015,2,19,Cash
Food,Unknown,milk 1lit ,60.0,Expense,INR,2015,2,19,Cash
Food,Unknown,dinner,227.0,Expense,INR,2015,2,17,Cash
Food,Unknown,kaju katli 250gm,249.0,Expense,INR,2015,2,16,Saving Bank account 1
Transportation,Unknown,local - Place 0 to Place 5 return,30.0,Expense,INR,2015,2,16,Cash
Household,Unknown,mixer repair,250.0,Expense,INR,2015,2,15,Cash
Other,Unknown,Internet renewal,500.0,Expense,INR,2015,2,15,Cash
Food,Unknown,pani puri,20.0,Expense,INR,2015,2,15,Cash
Transportation,Unknown,local - vadala road to Place 0,15.0,Expense,INR,2015,2,15,Cash
Transportation,Unknown,taxi - dadar to vadala road,34.0,Expense,INR,2015,2,15,Cash
Food,Unknown,tea,20.0,Expense,INR,2015,2,15,Cash
Food,Unknown,bread,15.0,Expense,INR,2015,2,15,Cash
Food,Unknown,chana chat + tea,21.0,Expense,INR,2015,2,13,Saving Bank account 1
Food,Unknown,milk half shakti,27.0,Expense,INR,2015,2,13,Cash
Food,Unknown,bananas,20.0,Expense,INR,2015,1,31,Cash
Food,Unknown,bhindi,40.0,Expense,INR,2015,1,31,Cash
Transportation,Unknown,auto - Genda circle to b45,100.0,Expense,INR,2015,1,30,Cash
Food,Unknown,dinner treat,1004.0,Expense,INR,2015,1,30,Cash
Food,Unknown,milk half shakti,26.0,Expense,INR,2015,1,29,Cash
Food,Unknown,good day biscuits,38.0,Expense,INR,2015,1,29,Cash
Food,Unknown,samosa,15.0,Expense,INR,2015,1,29,Cash
Food,Unknown,chana chat,15.0,Expense,INR,2015,1,27,Cash
Food,Unknown,tea,30.0,Expense,INR,2015,1,27,Cash
Food,Unknown,milk half shakti,26.0,Expense,INR,2015,1,26,Cash
Food,Unknown,paav,30.0,Expense,INR,2015,1,26,Cash
Food,Unknown,grocery,311.0,Expense,INR,2015,1,26,Credit Card
Beauty,Unknown,hair cut,60.0,Expense,INR,2015,1,25,Cash
Food,Unknown,tea,30.0,Expense,INR,2015,1,24,Cash
Food,Unknown,tea,20.0,Expense,INR,2015,1,22,Cash
Food,Unknown,snacks,33.0,Expense,INR,2015,1,22,Cash
Food,Unknown,grocery,120.0,Expense,INR,2015,1,21,Cash
Household,Unknown,broom,60.0,Expense,INR,2015,1,21,Cash
Food,Unknown,samosa + 2 tea,27.0,Expense,INR,2015,1,21,Cash
Transportation,Unknown,train - bdts to brc,264.0,Expense,INR,2015,1,21,Cash
Transportation,Unknown,train - brc to mmct,138.0,Expense,INR,2015,1,21,Credit Card
Food,Unknown,milk half gold,28.0,Expense,INR,2015,1,21,Cash
Food,Unknown,shev,50.0,Expense,INR,2015,1,21,Cash
Food,Unknown,srikhand,65.0,Expense,INR,2015,1,20,Cash
Food,Unknown,milk half gold,29.0,Expense,INR,2015,1,19,Cash
Food,Unknown,vegetable,60.0,Expense,INR,2015,1,18,Cash
Food,Unknown,tea,8.0,Expense,INR,2015,1,18,Cash
Food,Unknown,milk half gold,29.0,Expense,INR,2015,1,18,Cash
Transportation,Unknown,auto - GTR to hospital,30.0,Expense,INR,2015,1,16,Cash
Transportation,Unknown,auto - Alk to GTR,50.0,Expense,INR,2015,1,16,Cash
Transportation,Unknown,auto -  to race course,10.0,Expense,INR,2015,1,16,Cash
Food,Unknown,Ratri Bazar,155.0,Expense,INR,2015,1,15,Cash
Transportation,Unknown,auto - Amit nagar to b45,100.0,Expense,INR,2015,1,15,Cash
Food,Unknown,tea,10.0,Expense,INR,2015,1,15,Cash
Food,Unknown,3 bananas,13.0,Expense,INR,2015,1,14,Cash
Food,Unknown,Lunch - chicken fried rice + chicken soup,120.0,Expense,INR,2015,1,14,Cash
Transportation,Unknown,travels - Mumbai to brc,760.0,Expense,INR,2015,1,14,Saving Bank account 1
Other,Unknown,Internet renewal,500.0,Expense,INR,2015,1,13,Cash
Food,Unknown,tea,10.0,Expense,INR,2015,1,13,Cash
